"policy_tenure","age_of_car","segment","model","fuel_type","displacement","cylinder","transmission_type","length","width","ncap_rating","is_claim"
1.15240385138065,0.08,"B1","M8","CNG",998,3,"Manual",3655,1620,2,"No"
1.07361238518927,0.2,"C1","M2","Petrol",1197,4,"Automatic",3995,1735,2,"No"
0.096461962185437,0.17,"C2","M4","Diesel",1493,4,"Automatic",4300,1790,3,"No"
0.888914474289865,0.01,"A","M1","CNG",796,3,"Manual",3445,1515,0,"No"
0.671115976557958,0.1,"C2","M4","Diesel",1493,4,"Automatic",4300,1790,3,"No"
0.907761324519347,0.16,"B1","M8","CNG",998,3,"Manual",3655,1620,2,"No"
0.698574182074204,0.01,"A","M1","CNG",796,3,"Manual",3445,1515,0,"No"
1.14064472886122,0.08,"C2","M4","Diesel",1493,4,"Automatic",4300,1790,3,"No"
0.012163228802082,0.14,"C2","M4","Diesel",1493,4,"Automatic",4300,1790,3,"No"
0.082772833799158,0.01,"B2","M6","Petrol",1197,4,"Manual",3845,1735,2,"No"
0.783146521947421,0.17,"C2","M4","Diesel",1493,4,"Automatic",4300,1790,3,"Yes"
0.206468455245829,0,"A","M1","CNG",796,3,"Manual",3445,1515,0,"No"
0.087996584019319,0.01,"C2","M4","Diesel",1493,4,"Automatic",4300,1790,3,"No"
0.694785750788144,0.02,"A","M1","CNG",796,3,"Manual",3445,1515,0,"No"
1.06367487059025,0.07,"C2","M4","Diesel",1493,4,"Automatic",4300,1790,3,"Yes"
1.08596771349124,0.15,"B2","M6","Petrol",1197,4,"Manual",3845,1735,2,"No"
0.082937501505209,0,"A","M1","CNG",796,3,"Manual",3445,1515,0,"No"
1.04364270475897,0.03,"C2","M4","Diesel",1493,4,"Automatic",4300,1790,3,"No"
0.927517573307308,0.13,"B2","M6","Petrol",1197,4,"Manual",3845,1735,2,"No"
0.205589598657541,0.02,"B2","M7","Petrol",1197,4,"Automatic",3990,1745,0,"No"
0.608107863955812,0.16,"C2","M4","Diesel",1493,4,"Automatic",4300,1790,3,"No"
0.173588044704264,0.14,"C1","M11","Petrol",1199,3,"Manual",3993,1811,5,"No"
0.108267786834639,0.08,"B2","M6","Petrol",1197,4,"Manual",3845,1735,2,"No"
0.063039745436662,0.04,"A","M1","CNG",796,3,"Manual",3445,1515,0,"No"
0.080849142401333,0.06,"A","M1","CNG",796,3,"Manual",3445,1515,0,"No"
0.756332266607234,0.01,"C2","M4","Diesel",1493,4,"Automatic",4300,1790,3,"No"
0.223527784404815,0.02,"A","M1","CNG",796,3,"Manual",3445,1515,0,"No"
0.56418707619879,0.18,"A","M3","Petrol",999,3,"Automatic",3731,1579,2,"No"
0.306917829192057,0.03,"C2","M4","Diesel",1493,4,"Automatic",4300,1790,3,"No"
0.033095147848748,0.05,"B2","M6","Petrol",1197,4,"Manual",3845,1735,2,"No"
1.086922183713,0.16,"B2","M6","Petrol",1197,4,"Manual",3845,1735,2,"No"
1.06347747113227,0.03,"C2","M4","Diesel",1493,4,"Automatic",4300,1790,3,"No"
0.641435283282629,0.01,"C2","M4","Diesel",1493,4,"Automatic",4300,1790,3,"No"
0.08904919199893,0.04,"B2","M5","Diesel",1497,4,"Manual",3990,1755,5,"No"
0.045603992358742,0.01,"A","M1","CNG",796,3,"Manual",3445,1515,0,"No"
0.351015271111835,0.16,"B2","M5","Diesel",1497,4,"Manual",3990,1755,5,"No"
1.16245884454542,0.06,"C2","M4","Diesel",1493,4,"Automatic",4300,1790,3,"No"
0.083828514112668,0.15,"B1","M8","CNG",998,3,"Manual",3655,1620,2,"No"
1.09079180018965,0.07,"C2","M4","Diesel",1493,4,"Automatic",4300,1790,3,"No"
0.062427818736632,0,"A","M1","CNG",796,3,"Manual",3445,1515,0,"No"
1.02539828189263,0.05,"C2","M4","Diesel",1493,4,"Automatic",4300,1790,3,"No"
0.488693835516014,0.04,"C1","M9","Diesel",1498,4,"Manual",3995,1695,4,"No"
0.088463029711765,0.12,"B2","M7","Petrol",1197,4,"Automatic",3990,1745,0,"No"
1.00250826367779,0.18,"B2","M6","Petrol",1197,4,"Manual",3845,1735,2,"No"
0.051477878560703,0.02,"A","M1","CNG",796,3,"Manual",3445,1515,0,"No"
0.066757773548658,0,"A","M1","CNG",796,3,"Manual",3445,1515,0,"No"
0.44838305432436,0.13,"C2","M4","Diesel",1493,4,"Automatic",4300,1790,3,"No"
0.317103208785565,0.12,"C1","M2","Petrol",1197,4,"Automatic",3995,1735,2,"No"
0.278392180125499,0.03,"A","M3","Petrol",999,3,"Automatic",3731,1579,2,"No"
0.514344174329335,0.09,"A","M1","CNG",796,3,"Manual",3445,1515,0,"No"
0.162311149659165,0.12,"C2","M4","Diesel",1493,4,"Automatic",4300,1790,3,"No"
1.13739701134749,0.03,"B2","M6","Petrol",1197,4,"Manual",3845,1735,2,"No"
1.11646915445388,0.05,"B2","M6","Petrol",1197,4,"Manual",3845,1735,2,"No"
1.03448254904221,0.12,"B1","M8","CNG",998,3,"Manual",3655,1620,2,"Yes"
0.543213670922975,0,"A","M1","CNG",796,3,"Manual",3445,1515,0,"No"
0.299011895465542,0.06,"B2","M6","Petrol",1197,4,"Manual",3845,1735,2,"No"
1.05284099646604,0.2,"C2","M4","Diesel",1493,4,"Automatic",4300,1790,3,"No"
1.19059439701507,0.08,"B2","M6","Petrol",1197,4,"Manual",3845,1735,2,"No"
0.822675064505759,0.04,"B2","M6","Petrol",1197,4,"Manual",3845,1735,2,"No"
1.00962030458574,0.12,"B2","M6","Petrol",1197,4,"Manual",3845,1735,2,"No"
0.815102672897615,0,"B2","M5","Diesel",1497,4,"Manual",3990,1755,5,"No"
1.08691784978994,0.1,"B2","M6","Petrol",1197,4,"Manual",3845,1735,2,"No"
0.318744143481245,0.11,"Utility","M10","CNG",1196,4,"Manual",3675,1475,0,"No"
0.636905688589338,0.11,"C2","M4","Diesel",1493,4,"Automatic",4300,1790,3,"No"
1.12542757686115,0.06,"C1","M9","Diesel",1498,4,"Manual",3995,1695,4,"No"
0.529855874053246,0.05,"B2","M6","Petrol",1197,4,"Manual",3845,1735,2,"No"
0.054048563878503,0,"A","M1","CNG",796,3,"Manual",3445,1515,0,"No"
0.04723544492733,0.14,"B2","M6","Petrol",1197,4,"Manual",3845,1735,2,"No"
0.011712394431703,0,"C1","M2","Petrol",1197,4,"Automatic",3995,1735,2,"No"
0.517199701188652,0.09,"B2","M7","Petrol",1197,4,"Automatic",3990,1745,0,"No"
0.010406704975627,0.11,"B2","M6","Petrol",1197,4,"Manual",3845,1735,2,"No"
0.639988696847763,0.01,"A","M1","CNG",796,3,"Manual",3445,1515,0,"No"
1.175470006304,0.08,"A","M1","CNG",796,3,"Manual",3445,1515,0,"No"
1.1580233171124,0.02,"B2","M6","Petrol",1197,4,"Manual",3845,1735,2,"No"
1.03470225708415,0.01,"A","M3","Petrol",999,3,"Automatic",3731,1579,2,"No"
0.278824123560157,0.09,"C2","M4","Diesel",1493,4,"Automatic",4300,1790,3,"No"
0.844243762176041,0.01,"A","M1","CNG",796,3,"Manual",3445,1515,0,"No"
0.237261715794424,0.04,"C1","M9","Diesel",1498,4,"Manual",3995,1695,4,"No"
0.596187963506228,0,"A","M1","CNG",796,3,"Manual",3445,1515,0,"No"
0.818382033433465,0.08,"C1","M2","Petrol",1197,4,"Automatic",3995,1735,2,"No"
0.192976699988821,0.12,"B1","M8","CNG",998,3,"Manual",3655,1620,2,"No"
1.16762384669027,0.01,"C2","M4","Diesel",1493,4,"Automatic",4300,1790,3,"No"
0.961509902080208,0.12,"C2","M4","Diesel",1493,4,"Automatic",4300,1790,3,"No"
0.230813919821679,0.01,"A","M1","CNG",796,3,"Manual",3445,1515,0,"No"
0.260799878786732,0.12,"B2","M6","Petrol",1197,4,"Manual",3845,1735,2,"No"
0.98948040999051,0.05,"B2","M6","Petrol",1197,4,"Manual",3845,1735,2,"No"
0.232838239899998,0.01,"A","M1","CNG",796,3,"Manual",3445,1515,0,"No"
1.0755940285513,0.07,"C2","M4","Diesel",1493,4,"Automatic",4300,1790,3,"No"
0.491983679373551,0.14,"C2","M4","Diesel",1493,4,"Automatic",4300,1790,3,"No"
0.270897731438724,0.04,"B2","M6","Petrol",1197,4,"Manual",3845,1735,2,"No"
0.824068738504838,0.01,"A","M1","CNG",796,3,"Manual",3445,1515,0,"No"
0.368639375031084,0.04,"A","M1","CNG",796,3,"Manual",3445,1515,0,"No"
0.141458249077412,0,"B1","M8","CNG",998,3,"Manual",3655,1620,2,"Yes"
0.495736374685068,0.08,"C1","M9","Diesel",1498,4,"Manual",3995,1695,4,"No"
1.12459229081195,0.15,"C2","M4","Diesel",1493,4,"Automatic",4300,1790,3,"No"
0.260504917318356,0.15,"B2","M7","Petrol",1197,4,"Automatic",3990,1745,0,"No"
0.011565784757814,0,"A","M1","CNG",796,3,"Manual",3445,1515,0,"Yes"
1.23114595167881,0.09,"B2","M6","Petrol",1197,4,"Manual",3845,1735,2,"No"
0.213458003391784,0.11,"B2","M6","Petrol",1197,4,"Manual",3845,1735,2,"No"
0.046205416055613,0.17,"B2","M7","Petrol",1197,4,"Automatic",3990,1745,0,"No"
0.215290845593217,0.04,"A","M1","CNG",796,3,"Manual",3445,1515,0,"No"
0.102315890929584,0.15,"C2","M4","Diesel",1493,4,"Automatic",4300,1790,3,"No"
1.02719229317282,0.04,"B2","M6","Petrol",1197,4,"Manual",3845,1735,2,"No"
1.22325731882233,0.06,"B2","M6","Petrol",1197,4,"Manual",3845,1735,2,"No"
0.623478276005918,0.01,"C2","M4","Diesel",1493,4,"Automatic",4300,1790,3,"No"
0.177807451607137,0.09,"B2","M6","Petrol",1197,4,"Manual",3845,1735,2,"No"
1.21652190514219,0.01,"B2","M7","Petrol",1197,4,"Automatic",3990,1745,0,"No"
0.96644261454596,0,"B2","M6","Petrol",1197,4,"Manual",3845,1735,2,"No"
0.053570978040221,0,"A","M1","CNG",796,3,"Manual",3445,1515,0,"No"
0.707203218405989,0.02,"B1","M8","CNG",998,3,"Manual",3655,1620,2,"No"
1.08507306399253,0.08,"B1","M8","CNG",998,3,"Manual",3655,1620,2,"No"
0.277198366294799,0.1,"C2","M4","Diesel",1493,4,"Automatic",4300,1790,3,"No"
0.037042674025644,0.01,"A","M1","CNG",796,3,"Manual",3445,1515,0,"No"
0.282123336171546,0.03,"B2","M7","Petrol",1197,4,"Automatic",3990,1745,0,"No"
0.282735415780031,0.16,"B2","M6","Petrol",1197,4,"Manual",3845,1735,2,"No"
1.19883757899202,0.06,"C2","M4","Diesel",1493,4,"Automatic",4300,1790,3,"No"
0.412256657528306,0.03,"C2","M4","Diesel",1493,4,"Automatic",4300,1790,3,"No"
0.22230263862224,0,"A","M1","CNG",796,3,"Manual",3445,1515,0,"No"
0.089807312012701,0.04,"A","M1","CNG",796,3,"Manual",3445,1515,0,"No"
0.963405687583106,0.12,"B2","M6","Petrol",1197,4,"Manual",3845,1735,2,"No"
1.20405539308772,0.04,"C2","M4","Diesel",1493,4,"Automatic",4300,1790,3,"No"
1.04590072888938,0.14,"C1","M9","Diesel",1498,4,"Manual",3995,1695,4,"No"
0.854545284320712,0.01,"A","M1","CNG",796,3,"Manual",3445,1515,0,"No"
0.084530679404292,0.03,"C2","M4","Diesel",1493,4,"Automatic",4300,1790,3,"No"
0.789761298934848,0.13,"B2","M6","Petrol",1197,4,"Manual",3845,1735,2,"No"
0.832705793987154,0.15,"A","M3","Petrol",999,3,"Automatic",3731,1579,2,"No"
0.253059687791534,0.03,"C2","M4","Diesel",1493,4,"Automatic",4300,1790,3,"No"
0.252255931037205,0.11,"B2","M6","Petrol",1197,4,"Manual",3845,1735,2,"No"
1.10630521177251,0.18,"A","M1","CNG",796,3,"Manual",3445,1515,0,"No"
1.13870730646843,0.12,"C2","M4","Diesel",1493,4,"Automatic",4300,1790,3,"No"
0.077355431246469,0,"A","M1","CNG",796,3,"Manual",3445,1515,0,"Yes"
0.00581871002818,0.03,"A","M1","CNG",796,3,"Manual",3445,1515,0,"No"
0.310745115875657,0.18,"C2","M4","Diesel",1493,4,"Automatic",4300,1790,3,"No"
0.786996205501922,0.06,"C1","M9","Diesel",1498,4,"Manual",3995,1695,4,"No"
0.541369165781065,0.24,"C1","M2","Petrol",1197,4,"Automatic",3995,1735,2,"No"
0.172945035774486,0.1,"B2","M6","Petrol",1197,4,"Manual",3845,1735,2,"No"
0.605827736600195,0,"C2","M4","Diesel",1493,4,"Automatic",4300,1790,3,"No"
0.209112983870545,0.12,"C2","M4","Diesel",1493,4,"Automatic",4300,1790,3,"No"
0.424003732138602,0.15,"B2","M6","Petrol",1197,4,"Manual",3845,1735,2,"No"
1.05605674934976,0.02,"A","M1","CNG",796,3,"Manual",3445,1515,0,"No"
1.2279113503092,0.13,"C1","M11","Petrol",1199,3,"Manual",3993,1811,5,"No"
0.485697973349858,0.02,"A","M1","CNG",796,3,"Manual",3445,1515,0,"No"
0.522408582502553,0.06,"C2","M4","Diesel",1493,4,"Automatic",4300,1790,3,"No"
0.057895150134524,0,"A","M1","CNG",796,3,"Manual",3445,1515,0,"No"
0.116304424308107,0.01,"B2","M5","Diesel",1497,4,"Manual",3990,1755,5,"No"
1.02645250390187,0.12,"C2","M4","Diesel",1493,4,"Automatic",4300,1790,3,"No"
0.104872706873923,0.16,"C2","M4","Diesel",1493,4,"Automatic",4300,1790,3,"No"
0.696825938798416,0.03,"B2","M6","Petrol",1197,4,"Manual",3845,1735,2,"No"
0.677943800510499,0,"C2","M4","Diesel",1493,4,"Automatic",4300,1790,3,"No"
0.574390090893564,0.04,"A","M1","CNG",796,3,"Manual",3445,1515,0,"No"
0.07227428816721,0,"A","M1","CNG",796,3,"Manual",3445,1515,0,"No"
1.11618301751431,0.06,"B2","M6","Petrol",1197,4,"Manual",3845,1735,2,"No"
0.983269648267907,0.02,"A","M1","CNG",796,3,"Manual",3445,1515,0,"No"
0.644182756042717,0.21,"B2","M5","Diesel",1497,4,"Manual",3990,1755,5,"No"
0.203238391459991,0.02,"B2","M7","Petrol",1197,4,"Automatic",3990,1745,0,"No"
0.168600030218975,0.01,"A","M1","CNG",796,3,"Manual",3445,1515,0,"No"
0.1504967983547,0.1,"B2","M6","Petrol",1197,4,"Manual",3845,1735,2,"Yes"
1.05793404969434,0.15,"C1","M11","Petrol",1199,3,"Manual",3993,1811,5,"No"
0.473355861071753,0.15,"C2","M4","Diesel",1493,4,"Automatic",4300,1790,3,"No"
1.12559074153478,0.02,"C2","M4","Diesel",1493,4,"Automatic",4300,1790,3,"No"
0.11866992683138,0.06,"A","M1","CNG",796,3,"Manual",3445,1515,0,"No"
0.091533038300308,0.12,"B2","M5","Diesel",1497,4,"Manual",3990,1755,5,"No"
0.083142533254091,0.05,"C1","M2","Petrol",1197,4,"Automatic",3995,1735,2,"No"
0.827900235060817,0.11,"B2","M6","Petrol",1197,4,"Manual",3845,1735,2,"No"
0.043226513416774,0.05,"A","M1","CNG",796,3,"Manual",3445,1515,0,"No"
0.322080320310964,0.1,"B2","M6","Petrol",1197,4,"Manual",3845,1735,2,"No"
0.072957585915468,0.01,"B1","M8","CNG",998,3,"Manual",3655,1620,2,"No"
0.246156848588658,0.04,"C2","M4","Diesel",1493,4,"Automatic",4300,1790,3,"No"
0.813392835491761,0.05,"B2","M6","Petrol",1197,4,"Manual",3845,1735,2,"Yes"
0.77642172514506,0.15,"C2","M4","Diesel",1493,4,"Automatic",4300,1790,3,"No"
0.109687619706325,0.11,"C2","M4","Diesel",1493,4,"Automatic",4300,1790,3,"No"
1.23108200116839,0.16,"A","M3","Petrol",999,3,"Automatic",3731,1579,2,"No"
0.545032507342574,0.14,"B2","M6","Petrol",1197,4,"Manual",3845,1735,2,"No"
0.687347749318113,0.16,"B2","M6","Petrol",1197,4,"Manual",3845,1735,2,"No"
1.22667074967929,0.18,"B1","M8","CNG",998,3,"Manual",3655,1620,2,"Yes"
0.547690678801269,0.04,"B2","M6","Petrol",1197,4,"Manual",3845,1735,2,"No"
0.033834030436914,0.03,"A","M1","CNG",796,3,"Manual",3445,1515,0,"No"
1.01270298281045,0.03,"C1","M11","Petrol",1199,3,"Manual",3993,1811,5,"No"
1.17304376711676,0.17,"C1","M9","Diesel",1498,4,"Manual",3995,1695,4,"No"
0.432136132376047,0.13,"C2","M4","Diesel",1493,4,"Automatic",4300,1790,3,"No"
1.23577750428209,0.06,"B2","M6","Petrol",1197,4,"Manual",3845,1735,2,"No"
1.07064162579145,0.12,"B2","M6","Petrol",1197,4,"Manual",3845,1735,2,"No"
1.13633445759967,0.02,"B2","M6","Petrol",1197,4,"Manual",3845,1735,2,"No"
0.098306099068397,0.01,"B2","M7","Petrol",1197,4,"Automatic",3990,1745,0,"No"
0.824286100542315,0.14,"C2","M4","Diesel",1493,4,"Automatic",4300,1790,3,"No"
0.53445008874633,0.08,"B2","M6","Petrol",1197,4,"Manual",3845,1735,2,"No"
0.129501848563004,0.01,"A","M1","CNG",796,3,"Manual",3445,1515,0,"No"
1.2327854700225,0.04,"C1","M11","Petrol",1199,3,"Manual",3993,1811,5,"No"
0.452814368434195,0.02,"C2","M4","Diesel",1493,4,"Automatic",4300,1790,3,"No"
0.963962191723832,0.07,"A","M1","CNG",796,3,"Manual",3445,1515,0,"No"
1.1280562982614,0.14,"C2","M4","Diesel",1493,4,"Automatic",4300,1790,3,"No"
1.15576251198362,0.08,"C2","M4","Diesel",1493,4,"Automatic",4300,1790,3,"No"
0.325933860664041,0.05,"A","M1","CNG",796,3,"Manual",3445,1515,0,"No"
0.096483528509838,0.03,"C1","M9","Diesel",1498,4,"Manual",3995,1695,4,"No"
0.71171822177849,0.09,"C1","M9","Diesel",1498,4,"Manual",3995,1695,4,"No"
0.846705916345512,0.11,"B2","M6","Petrol",1197,4,"Manual",3845,1735,2,"No"
0.615357524854382,0.02,"A","M1","CNG",796,3,"Manual",3445,1515,0,"No"
0.264806041284419,0.11,"C2","M4","Diesel",1493,4,"Automatic",4300,1790,3,"No"
1.19234741449852,0.15,"B2","M6","Petrol",1197,4,"Manual",3845,1735,2,"No"
0.876835168108137,0.03,"A","M3","Petrol",999,3,"Automatic",3731,1579,2,"No"
0.090618654289141,0.01,"C1","M9","Diesel",1498,4,"Manual",3995,1695,4,"No"
1.13546194489191,0.09,"A","M1","CNG",796,3,"Manual",3445,1515,0,"No"
0.608394820126803,0,"A","M1","CNG",796,3,"Manual",3445,1515,0,"No"
0.520944617194551,0.05,"B2","M6","Petrol",1197,4,"Manual",3845,1735,2,"No"
1.16809077150269,0.04,"C2","M4","Diesel",1493,4,"Automatic",4300,1790,3,"No"
1.05986378466109,0.12,"C2","M4","Diesel",1493,4,"Automatic",4300,1790,3,"Yes"
1.24654122850933,0.08,"C2","M4","Diesel",1493,4,"Automatic",4300,1790,3,"No"
0.23642063895687,0.01,"A","M1","CNG",796,3,"Manual",3445,1515,0,"No"
0.322592695681533,0.05,"A","M1","CNG",796,3,"Manual",3445,1515,0,"No"
0.285543088162861,0.07,"C2","M4","Diesel",1493,4,"Automatic",4300,1790,3,"No"
1.08544534969477,0.04,"Utility","M10","CNG",1196,4,"Manual",3675,1475,0,"No"
0.387309102263248,0.03,"B2","M5","Diesel",1497,4,"Manual",3990,1755,5,"No"
0.03567880133898,0,"A","M1","CNG",796,3,"Manual",3445,1515,0,"No"
0.988344401388675,0.1,"B1","M8","CNG",998,3,"Manual",3655,1620,2,"No"
0.369784034394139,0.12,"B2","M6","Petrol",1197,4,"Manual",3845,1735,2,"No"
0.098103014731998,0.14,"B2","M6","Petrol",1197,4,"Manual",3845,1735,2,"No"
1.11358310536387,0.05,"B2","M7","Petrol",1197,4,"Automatic",3990,1745,0,"No"
0.387866071461236,0.12,"B2","M6","Petrol",1197,4,"Manual",3845,1735,2,"No"
0.453147719135297,0.01,"A","M1","CNG",796,3,"Manual",3445,1515,0,"No"
0.005617482065387,0,"A","M1","CNG",796,3,"Manual",3445,1515,0,"No"
0.042945815207169,0.06,"A","M1","CNG",796,3,"Manual",3445,1515,0,"No"
0.657675669023421,0.03,"C2","M4","Diesel",1493,4,"Automatic",4300,1790,3,"No"
0.652314842065143,0.04,"A","M1","CNG",796,3,"Manual",3445,1515,0,"No"
1.00884087753361,0.02,"A","M1","CNG",796,3,"Manual",3445,1515,0,"No"
1.04871637216408,0.14,"C2","M4","Diesel",1493,4,"Automatic",4300,1790,3,"No"
1.04832222228498,0.14,"C2","M4","Diesel",1493,4,"Automatic",4300,1790,3,"No"
0.160165231528148,0.09,"B2","M6","Petrol",1197,4,"Manual",3845,1735,2,"No"
0.470952407153188,0.02,"A","M1","CNG",796,3,"Manual",3445,1515,0,"No"
0.547880062333514,0.01,"A","M1","CNG",796,3,"Manual",3445,1515,0,"No"
1.09959037562765,0.07,"B2","M6","Petrol",1197,4,"Manual",3845,1735,2,"Yes"
0.79275324990341,0.04,"A","M1","CNG",796,3,"Manual",3445,1515,0,"Yes"
1.1958415197282,0.03,"B1","M8","CNG",998,3,"Manual",3655,1620,2,"No"
0.334167818509506,0.14,"B2","M6","Petrol",1197,4,"Manual",3845,1735,2,"Yes"
0.060280817906593,0.03,"B2","M6","Petrol",1197,4,"Manual",3845,1735,2,"No"
1.19629462469003,0.1,"Utility","M10","CNG",1196,4,"Manual",3675,1475,0,"No"
1.16684472277957,0.03,"C2","M4","Diesel",1493,4,"Automatic",4300,1790,3,"No"
0.070942971367032,0.02,"A","M1","CNG",796,3,"Manual",3445,1515,0,"No"
0.057541968824284,0.03,"B2","M6","Petrol",1197,4,"Manual",3845,1735,2,"No"
0.599190361192127,0.06,"B2","M6","Petrol",1197,4,"Manual",3845,1735,2,"No"
0.081873925109028,0.06,"B2","M6","Petrol",1197,4,"Manual",3845,1735,2,"No"
0.384646890743459,0.12,"B2","M6","Petrol",1197,4,"Manual",3845,1735,2,"No"
1.23428467102871,0.08,"C2","M4","Diesel",1493,4,"Automatic",4300,1790,3,"No"
0.022385770889901,0,"A","M1","CNG",796,3,"Manual",3445,1515,0,"No"
1.17871194970194,0.01,"B2","M6","Petrol",1197,4,"Manual",3845,1735,2,"No"
1.23585999026033,0.09,"B2","M6","Petrol",1197,4,"Manual",3845,1735,2,"No"
0.41296665164366,0.05,"A","M1","CNG",796,3,"Manual",3445,1515,0,"No"
1.12710758678918,0.13,"B2","M6","Petrol",1197,4,"Manual",3845,1735,2,"Yes"
0.091523999013962,0.09,"C2","M4","Diesel",1493,4,"Automatic",4300,1790,3,"No"
0.128836257927252,0.12,"B2","M7","Petrol",1197,4,"Automatic",3990,1745,0,"No"
1.09549553184286,0.01,"A","M1","CNG",796,3,"Manual",3445,1515,0,"No"
0.410479909300005,0.01,"A","M1","CNG",796,3,"Manual",3445,1515,0,"No"
0.079347567038751,0.03,"B2","M6","Petrol",1197,4,"Manual",3845,1735,2,"No"
0.791314068359878,0.04,"B1","M8","CNG",998,3,"Manual",3655,1620,2,"No"
0.652981978848232,0.05,"B1","M8","CNG",998,3,"Manual",3655,1620,2,"Yes"
1.24231580276315,0.03,"C2","M4","Diesel",1493,4,"Automatic",4300,1790,3,"No"
0.430246434446276,0.01,"A","M1","CNG",796,3,"Manual",3445,1515,0,"No"
0.521302771379374,0.01,"B2","M6","Petrol",1197,4,"Manual",3845,1735,2,"No"
0.300989288218127,0.07,"B2","M6","Petrol",1197,4,"Manual",3845,1735,2,"No"
0.223671524067508,0.12,"B2","M6","Petrol",1197,4,"Manual",3845,1735,2,"Yes"
0.192242564661595,0.12,"C2","M4","Diesel",1493,4,"Automatic",4300,1790,3,"No"
0.097795948470579,0.07,"B2","M6","Petrol",1197,4,"Manual",3845,1735,2,"No"
0.08629873650214,0.02,"B1","M8","CNG",998,3,"Manual",3655,1620,2,"No"
0.622815056896534,0.11,"B2","M6","Petrol",1197,4,"Manual",3845,1735,2,"No"
0.323525712817222,0.1,"B1","M8","CNG",998,3,"Manual",3655,1620,2,"No"
1.09056857257307,0.06,"C2","M4","Diesel",1493,4,"Automatic",4300,1790,3,"No"
0.886600581859048,0,"A","M1","CNG",796,3,"Manual",3445,1515,0,"Yes"
0.824717374359964,0.15,"C2","M4","Diesel",1493,4,"Automatic",4300,1790,3,"No"
1.04506003347085,0.03,"B2","M6","Petrol",1197,4,"Manual",3845,1735,2,"Yes"
0.224952947978746,0.06,"A","M3","Petrol",999,3,"Automatic",3731,1579,2,"No"
1.05784905459794,0.03,"A","M1","CNG",796,3,"Manual",3445,1515,0,"No"
1.00614567064335,0.05,"C2","M4","Diesel",1493,4,"Automatic",4300,1790,3,"No"
0.640435699339778,0.13,"C1","M2","Petrol",1197,4,"Automatic",3995,1735,2,"No"
0.874518897319795,0.03,"A","M1","CNG",796,3,"Manual",3445,1515,0,"No"
0.345179988280328,0.09,"C2","M4","Diesel",1493,4,"Automatic",4300,1790,3,"No"
1.22918321673059,0.08,"B2","M5","Diesel",1497,4,"Manual",3990,1755,5,"No"
0.324359731124623,0.05,"C1","M9","Diesel",1498,4,"Manual",3995,1695,4,"No"
0.528134384779535,0.07,"Utility","M10","CNG",1196,4,"Manual",3675,1475,0,"No"
1.09199636118896,0.14,"C2","M4","Diesel",1493,4,"Automatic",4300,1790,3,"No"
0.307913936367727,0.02,"A","M1","CNG",796,3,"Manual",3445,1515,0,"No"
1.19680327315857,0.14,"B2","M6","Petrol",1197,4,"Manual",3845,1735,2,"No"
1.1630884878414,0.02,"B2","M6","Petrol",1197,4,"Manual",3845,1735,2,"No"
0.741141320436055,0.06,"A","M1","CNG",796,3,"Manual",3445,1515,0,"No"
0.086712920340526,0.05,"B2","M7","Petrol",1197,4,"Automatic",3990,1745,0,"Yes"
0.692438443644348,0.04,"B2","M6","Petrol",1197,4,"Manual",3845,1735,2,"No"
0.136587956302872,0.01,"A","M1","CNG",796,3,"Manual",3445,1515,0,"No"
1.08044041733093,0.15,"C2","M4","Diesel",1493,4,"Automatic",4300,1790,3,"No"
0.073493044612764,0.12,"B2","M6","Petrol",1197,4,"Manual",3845,1735,2,"No"
0.53529128779777,0.22,"B1","M8","CNG",998,3,"Manual",3655,1620,2,"No"
0.233875220938768,0.04,"A","M1","CNG",796,3,"Manual",3445,1515,0,"No"
0.085725422466436,0.06,"B2","M5","Diesel",1497,4,"Manual",3990,1755,5,"No"
0.199008154125016,0.05,"A","M1","CNG",796,3,"Manual",3445,1515,0,"No"
0.847136097841928,0.03,"A","M1","CNG",796,3,"Manual",3445,1515,0,"No"
1.24407877797934,0.14,"C1","M9","Diesel",1498,4,"Manual",3995,1695,4,"No"
0.574753084933816,0.17,"C2","M4","Diesel",1493,4,"Automatic",4300,1790,3,"No"
0.501094285790453,0.04,"C2","M4","Diesel",1493,4,"Automatic",4300,1790,3,"No"
0.293263424619143,0.01,"A","M1","CNG",796,3,"Manual",3445,1515,0,"No"
0.035292612817167,0.01,"A","M1","CNG",796,3,"Manual",3445,1515,0,"No"
0.02400833137967,0.03,"B2","M6","Petrol",1197,4,"Manual",3845,1735,2,"No"
1.16188123299343,0.11,"C1","M2","Petrol",1197,4,"Automatic",3995,1735,2,"No"
0.469926995899705,0.12,"B2","M5","Diesel",1497,4,"Manual",3990,1755,5,"No"
0.796093043121205,0.14,"A","M3","Petrol",999,3,"Automatic",3731,1579,2,"No"
1.00036620513967,0.09,"A","M3","Petrol",999,3,"Automatic",3731,1579,2,"No"
0.212236703983161,0.12,"C2","M4","Diesel",1493,4,"Automatic",4300,1790,3,"No"
1.03896930858528,0.04,"C2","M4","Diesel",1493,4,"Automatic",4300,1790,3,"No"
1.07866538313521,0.17,"C2","M4","Diesel",1493,4,"Automatic",4300,1790,3,"No"
0.53414726275205,0,"A","M1","CNG",796,3,"Manual",3445,1515,0,"No"
0.506798724221723,0.1,"B2","M6","Petrol",1197,4,"Manual",3845,1735,2,"No"
0.799350986386389,0.04,"C2","M4","Diesel",1493,4,"Automatic",4300,1790,3,"No"
0.353400174832462,0.02,"B1","M8","CNG",998,3,"Manual",3655,1620,2,"No"
1.04349849494748,0.06,"A","M3","Petrol",999,3,"Automatic",3731,1579,2,"No"
0.451472899169786,0,"A","M1","CNG",796,3,"Manual",3445,1515,0,"No"
0.030630870353662,0.02,"A","M1","CNG",796,3,"Manual",3445,1515,0,"No"
0.190065412704276,0.08,"C2","M4","Diesel",1493,4,"Automatic",4300,1790,3,"No"
0.748143183915798,0.09,"C2","M4","Diesel",1493,4,"Automatic",4300,1790,3,"No"
0.123582329314979,0.06,"C1","M2","Petrol",1197,4,"Automatic",3995,1735,2,"No"
0.101132200895107,0.14,"B2","M5","Diesel",1497,4,"Manual",3990,1755,5,"No"
0.096521068946968,0.07,"B1","M8","CNG",998,3,"Manual",3655,1620,2,"No"
0.734652276848293,0.02,"A","M1","CNG",796,3,"Manual",3445,1515,0,"No"
1.20900971921728,0.11,"B2","M6","Petrol",1197,4,"Manual",3845,1735,2,"No"
0.16125506943917,0.11,"A","M1","CNG",796,3,"Manual",3445,1515,0,"No"
0.518720573993563,0.08,"C1","M2","Petrol",1197,4,"Automatic",3995,1735,2,"No"
1.12992641043779,0.12,"C2","M4","Diesel",1493,4,"Automatic",4300,1790,3,"No"
0.818876839558569,0.15,"C2","M4","Diesel",1493,4,"Automatic",4300,1790,3,"No"
1.01886745243934,0.06,"B2","M7","Petrol",1197,4,"Automatic",3990,1745,0,"No"
0.535309164463688,0.09,"B2","M5","Diesel",1497,4,"Manual",3990,1755,5,"No"
1.11070804895492,0.16,"C2","M4","Diesel",1493,4,"Automatic",4300,1790,3,"No"
1.08095042587149,0.03,"A","M3","Petrol",999,3,"Automatic",3731,1579,2,"No"
0.07162045086535,0,"B2","M5","Diesel",1497,4,"Manual",3990,1755,5,"No"
1.1271203543493,0.13,"C2","M4","Diesel",1493,4,"Automatic",4300,1790,3,"Yes"
0.658578546488698,0.03,"A","M1","CNG",796,3,"Manual",3445,1515,0,"No"
0.405895888281867,0.01,"A","M1","CNG",796,3,"Manual",3445,1515,0,"No"
0.105529110769585,0,"C2","M4","Diesel",1493,4,"Automatic",4300,1790,3,"No"
1.02408647652491,0.16,"B2","M6","Petrol",1197,4,"Manual",3845,1735,2,"No"
0.084749194008928,0.06,"Utility","M10","CNG",1196,4,"Manual",3675,1475,0,"No"
0.083000412329136,0.03,"A","M1","CNG",796,3,"Manual",3445,1515,0,"No"
1.00411806884925,0.01,"B2","M7","Petrol",1197,4,"Automatic",3990,1745,0,"No"
1.07326520678107,0.06,"C1","M9","Diesel",1498,4,"Manual",3995,1695,4,"Yes"
0.546522514588018,0.1,"B2","M6","Petrol",1197,4,"Manual",3845,1735,2,"No"
0.090483329951633,0.14,"B2","M6","Petrol",1197,4,"Manual",3845,1735,2,"No"
0.84587702505057,0.02,"A","M1","CNG",796,3,"Manual",3445,1515,0,"No"
0.222217511383311,0.02,"A","M1","CNG",796,3,"Manual",3445,1515,0,"No"
1.02203699546321,0.02,"C2","M4","Diesel",1493,4,"Automatic",4300,1790,3,"Yes"
0.040614528698484,0.07,"B2","M6","Petrol",1197,4,"Manual",3845,1735,2,"No"
0.915983854030522,0.06,"B2","M7","Petrol",1197,4,"Automatic",3990,1745,0,"No"
0.815751152585857,0.03,"A","M1","CNG",796,3,"Manual",3445,1515,0,"No"
1.01208047177921,0.11,"B1","M8","CNG",998,3,"Manual",3655,1620,2,"No"
0.09859744798554,0.02,"B2","M6","Petrol",1197,4,"Manual",3845,1735,2,"No"
0.580694518260665,0.16,"B2","M6","Petrol",1197,4,"Manual",3845,1735,2,"No"
0.079655611497005,0.1,"A","M1","CNG",796,3,"Manual",3445,1515,0,"No"
0.193130731022956,0.02,"A","M3","Petrol",999,3,"Automatic",3731,1579,2,"No"
0.648281150398722,0.05,"C2","M4","Diesel",1493,4,"Automatic",4300,1790,3,"No"
0.902774336376716,0.13,"B1","M8","CNG",998,3,"Manual",3655,1620,2,"No"
0.673907676907327,0.03,"A","M1","CNG",796,3,"Manual",3445,1515,0,"No"
0.010073355472484,0.03,"A","M1","CNG",796,3,"Manual",3445,1515,0,"No"
0.037306862356046,0.01,"A","M1","CNG",796,3,"Manual",3445,1515,0,"No"
1.21077521280536,0.03,"C2","M4","Diesel",1493,4,"Automatic",4300,1790,3,"No"
0.259134040507164,0.03,"A","M1","CNG",796,3,"Manual",3445,1515,0,"No"
1.02814545246846,0.02,"B2","M6","Petrol",1197,4,"Manual",3845,1735,2,"No"
0.539209974221386,0.08,"C2","M4","Diesel",1493,4,"Automatic",4300,1790,3,"No"
0.035071403971987,0,"B2","M6","Petrol",1197,4,"Manual",3845,1735,2,"No"
0.708604577636601,0.07,"Utility","M10","CNG",1196,4,"Manual",3675,1475,0,"No"
1.09471640717987,0.02,"B2","M6","Petrol",1197,4,"Manual",3845,1735,2,"No"
0.032067672603653,0.02,"A","M1","CNG",796,3,"Manual",3445,1515,0,"No"
0.070724128992479,0.08,"C1","M9","Diesel",1498,4,"Manual",3995,1695,4,"No"
0.059401716920864,0.01,"A","M1","CNG",796,3,"Manual",3445,1515,0,"No"
0.093827014109838,0.18,"C1","M9","Diesel",1498,4,"Manual",3995,1695,4,"No"
0.399317325062317,0.1,"B2","M6","Petrol",1197,4,"Manual",3845,1735,2,"No"
0.090861954869044,0.06,"B2","M6","Petrol",1197,4,"Manual",3845,1735,2,"No"
1.15935478927577,0.15,"B2","M6","Petrol",1197,4,"Manual",3845,1735,2,"No"
0.092810560119791,0.07,"C2","M4","Diesel",1493,4,"Automatic",4300,1790,3,"No"
0.044551310772867,0.09,"B1","M8","CNG",998,3,"Manual",3655,1620,2,"No"
0.809251848149611,0.12,"C1","M2","Petrol",1197,4,"Automatic",3995,1735,2,"No"
0.343826463008539,0.14,"B2","M6","Petrol",1197,4,"Manual",3845,1735,2,"No"
0.05989057449946,0.13,"C2","M4","Diesel",1493,4,"Automatic",4300,1790,3,"No"
0.993847621891832,0.13,"A","M3","Petrol",999,3,"Automatic",3731,1579,2,"No"
0.753203219176058,0.02,"A","M1","CNG",796,3,"Manual",3445,1515,0,"No"
1.15039557197715,0.08,"C2","M4","Diesel",1493,4,"Automatic",4300,1790,3,"No"
1.08769966135971,0.2,"A","M3","Petrol",999,3,"Automatic",3731,1579,2,"No"
1.13872181833074,0.02,"A","M3","Petrol",999,3,"Automatic",3731,1579,2,"Yes"
0.299539898879033,0.12,"B2","M6","Petrol",1197,4,"Manual",3845,1735,2,"No"
0.713421962058433,0.01,"A","M1","CNG",796,3,"Manual",3445,1515,0,"No"
0.306760303145869,0.05,"A","M1","CNG",796,3,"Manual",3445,1515,0,"No"
1.03458184596219,0.17,"C2","M4","Diesel",1493,4,"Automatic",4300,1790,3,"No"
0.209686397991562,0.1,"A","M1","CNG",796,3,"Manual",3445,1515,0,"No"
0.700640586901667,0.05,"A","M1","CNG",796,3,"Manual",3445,1515,0,"No"
1.19827207776777,0.04,"C2","M4","Diesel",1493,4,"Automatic",4300,1790,3,"No"
0.867390828606549,0.13,"B2","M6","Petrol",1197,4,"Manual",3845,1735,2,"No"
0.382418189597449,0.16,"C2","M4","Diesel",1493,4,"Automatic",4300,1790,3,"No"
0.100298940962527,0.1,"C2","M4","Diesel",1493,4,"Automatic",4300,1790,3,"No"
1.04056434232092,0.01,"B2","M6","Petrol",1197,4,"Manual",3845,1735,2,"No"
0.048538992402578,0.09,"A","M1","CNG",796,3,"Manual",3445,1515,0,"No"
0.875945555620139,0.13,"C2","M4","Diesel",1493,4,"Automatic",4300,1790,3,"No"
0.168694363833852,0.07,"B2","M6","Petrol",1197,4,"Manual",3845,1735,2,"No"
0.57220144095094,0.01,"A","M1","CNG",796,3,"Manual",3445,1515,0,"No"
1.1475642431455,0.09,"C2","M4","Diesel",1493,4,"Automatic",4300,1790,3,"No"
1.01616353366658,0.07,"C1","M2","Petrol",1197,4,"Automatic",3995,1735,2,"No"
0.425036169262752,0.11,"C1","M9","Diesel",1498,4,"Manual",3995,1695,4,"No"
0.84932848895029,0.03,"B2","M6","Petrol",1197,4,"Manual",3845,1735,2,"No"
0.268723161568744,0.03,"B2","M6","Petrol",1197,4,"Manual",3845,1735,2,"No"
1.17820301188413,0.13,"C2","M4","Diesel",1493,4,"Automatic",4300,1790,3,"No"
0.062110381538974,0,"A","M1","CNG",796,3,"Manual",3445,1515,0,"No"
0.851188198877573,0,"A","M1","CNG",796,3,"Manual",3445,1515,0,"No"
0.702118403330056,0.13,"B2","M6","Petrol",1197,4,"Manual",3845,1735,2,"No"
1.01338371290973,0.24,"C2","M4","Diesel",1493,4,"Automatic",4300,1790,3,"No"
0.509973763742114,0,"A","M1","CNG",796,3,"Manual",3445,1515,0,"Yes"
0.292340102949858,0,"A","M1","CNG",796,3,"Manual",3445,1515,0,"No"
0.307211633420936,0.02,"A","M1","CNG",796,3,"Manual",3445,1515,0,"No"
0.07288227980242,0.14,"C1","M9","Diesel",1498,4,"Manual",3995,1695,4,"No"
0.003251256800874,0,"A","M1","CNG",796,3,"Manual",3445,1515,0,"No"
1.0706588109952,0.12,"C2","M4","Diesel",1493,4,"Automatic",4300,1790,3,"No"
1.00105382594205,0.12,"B2","M6","Petrol",1197,4,"Manual",3845,1735,2,"No"
0.65011641665049,0.02,"A","M1","CNG",796,3,"Manual",3445,1515,0,"No"
0.317618969550968,0.02,"B2","M6","Petrol",1197,4,"Manual",3845,1735,2,"No"
0.271199669621491,0.11,"B1","M8","CNG",998,3,"Manual",3655,1620,2,"No"
0.04792378681505,0.09,"B1","M8","CNG",998,3,"Manual",3655,1620,2,"No"
1.12229642931414,0.07,"C2","M4","Diesel",1493,4,"Automatic",4300,1790,3,"No"
0.256505135690641,0.05,"C2","M4","Diesel",1493,4,"Automatic",4300,1790,3,"Yes"
0.381363966352107,0,"A","M1","CNG",796,3,"Manual",3445,1515,0,"No"
1.03439745469273,0.05,"B2","M7","Petrol",1197,4,"Automatic",3990,1745,0,"No"
1.19820532797486,0.06,"C2","M4","Diesel",1493,4,"Automatic",4300,1790,3,"No"
1.18401693456052,0.09,"B2","M6","Petrol",1197,4,"Manual",3845,1735,2,"Yes"
0.895988658845537,0,"B2","M7","Petrol",1197,4,"Automatic",3990,1745,0,"No"
0.28850798697325,0.03,"C1","M11","Petrol",1199,3,"Manual",3993,1811,5,"No"
0.560558917312132,0.03,"B2","M6","Petrol",1197,4,"Manual",3845,1735,2,"No"
0.065798495314521,0.15,"B2","M6","Petrol",1197,4,"Manual",3845,1735,2,"No"
0.006293173651137,0.06,"C2","M4","Diesel",1493,4,"Automatic",4300,1790,3,"No"
0.160888288345052,0.07,"C2","M4","Diesel",1493,4,"Automatic",4300,1790,3,"No"
1.21160999135426,0.1,"C1","M2","Petrol",1197,4,"Automatic",3995,1735,2,"No"
0.529647608732745,0,"B2","M6","Petrol",1197,4,"Manual",3845,1735,2,"No"
1.13003890035893,0.05,"C2","M4","Diesel",1493,4,"Automatic",4300,1790,3,"No"
1.16207619199316,0.16,"A","M1","CNG",796,3,"Manual",3445,1515,0,"No"
1.06853230507931,0.06,"B2","M6","Petrol",1197,4,"Manual",3845,1735,2,"No"
0.21228222205526,0.02,"B2","M6","Petrol",1197,4,"Manual",3845,1735,2,"No"
0.677207186595018,0.01,"A","M1","CNG",796,3,"Manual",3445,1515,0,"No"
0.449767932622296,0.11,"B2","M5","Diesel",1497,4,"Manual",3990,1755,5,"No"
1.09159877092023,0.12,"C2","M4","Diesel",1493,4,"Automatic",4300,1790,3,"No"
0.531763886079742,0.14,"C2","M4","Diesel",1493,4,"Automatic",4300,1790,3,"No"
0.4480026116132,0.01,"A","M1","CNG",796,3,"Manual",3445,1515,0,"No"
0.561190824031697,0.05,"C2","M4","Diesel",1493,4,"Automatic",4300,1790,3,"No"
0.169294630413238,0.01,"C2","M4","Diesel",1493,4,"Automatic",4300,1790,3,"No"
1.15990670049026,0.1,"C2","M4","Diesel",1493,4,"Automatic",4300,1790,3,"No"
1.17128431531967,0.07,"C2","M4","Diesel",1493,4,"Automatic",4300,1790,3,"No"
0.165704320559804,0.08,"B2","M6","Petrol",1197,4,"Manual",3845,1735,2,"No"
0.528447938842838,0.04,"C2","M4","Diesel",1493,4,"Automatic",4300,1790,3,"No"
0.568692062784614,0.01,"C2","M4","Diesel",1493,4,"Automatic",4300,1790,3,"No"
0.128416504654189,0.04,"C2","M4","Diesel",1493,4,"Automatic",4300,1790,3,"No"
1.12617898914789,0.17,"A","M1","CNG",796,3,"Manual",3445,1515,0,"No"
0.620197339175682,0.06,"A","M1","CNG",796,3,"Manual",3445,1515,0,"No"
0.114323466157161,0,"Utility","M10","CNG",1196,4,"Manual",3675,1475,0,"No"
0.277493978737019,0.05,"C1","M9","Diesel",1498,4,"Manual",3995,1695,4,"No"
1.0392321531028,0.09,"C1","M2","Petrol",1197,4,"Automatic",3995,1735,2,"No"
0.981893875750838,0.11,"B2","M6","Petrol",1197,4,"Manual",3845,1735,2,"No"
0.074282649363913,0.19,"B2","M6","Petrol",1197,4,"Manual",3845,1735,2,"No"
0.036439118683777,0,"A","M1","CNG",796,3,"Manual",3445,1515,0,"No"
0.081526106311711,0.14,"B2","M6","Petrol",1197,4,"Manual",3845,1735,2,"No"
0.769215705030006,0.15,"C2","M4","Diesel",1493,4,"Automatic",4300,1790,3,"No"
1.05150528960652,0.11,"C2","M4","Diesel",1493,4,"Automatic",4300,1790,3,"No"
0.528797131170581,0.03,"A","M1","CNG",796,3,"Manual",3445,1515,0,"No"
0.49842930062477,0,"A","M1","CNG",796,3,"Manual",3445,1515,0,"No"
1.11956429540685,0.06,"C2","M4","Diesel",1493,4,"Automatic",4300,1790,3,"No"
0.481126743916205,0.18,"C2","M4","Diesel",1493,4,"Automatic",4300,1790,3,"No"
1.17975063180116,0.03,"B2","M7","Petrol",1197,4,"Automatic",3990,1745,0,"No"
0.434769250688046,0,"Utility","M10","CNG",1196,4,"Manual",3675,1475,0,"No"
0.535002316961067,0.12,"C2","M4","Diesel",1493,4,"Automatic",4300,1790,3,"No"
1.14656817606507,0.04,"B2","M5","Diesel",1497,4,"Manual",3990,1755,5,"No"
0.905760031932448,0.01,"A","M1","CNG",796,3,"Manual",3445,1515,0,"Yes"
0.821566863808339,0.07,"A","M1","CNG",796,3,"Manual",3445,1515,0,"No"
0.011496473382319,0,"A","M1","CNG",796,3,"Manual",3445,1515,0,"Yes"
0.942303130028821,0.12,"A","M3","Petrol",999,3,"Automatic",3731,1579,2,"No"
1.09153630851009,0.04,"C2","M4","Diesel",1493,4,"Automatic",4300,1790,3,"Yes"
0.26195080302291,0.02,"A","M1","CNG",796,3,"Manual",3445,1515,0,"No"
1.00694563373504,0.07,"B2","M6","Petrol",1197,4,"Manual",3845,1735,2,"No"
0.167990548135028,0.1,"B2","M6","Petrol",1197,4,"Manual",3845,1735,2,"Yes"
0.454355728005736,0.03,"A","M1","CNG",796,3,"Manual",3445,1515,0,"No"
1.12199479359789,0.05,"B2","M6","Petrol",1197,4,"Manual",3845,1735,2,"No"
0.568629320376182,0.13,"C2","M4","Diesel",1493,4,"Automatic",4300,1790,3,"No"
0.961349018957269,0.11,"B2","M6","Petrol",1197,4,"Manual",3845,1735,2,"No"
0.122112737604891,0.04,"A","M1","CNG",796,3,"Manual",3445,1515,0,"No"
1.03293552833571,0.06,"C2","M4","Diesel",1493,4,"Automatic",4300,1790,3,"No"
0.20574618873476,0.12,"C2","M4","Diesel",1493,4,"Automatic",4300,1790,3,"No"
0.22075511377033,0.01,"B2","M6","Petrol",1197,4,"Manual",3845,1735,2,"No"
1.03583989041111,0.22,"B1","M8","CNG",998,3,"Manual",3655,1620,2,"No"
0.490208903280237,0.01,"A","M1","CNG",796,3,"Manual",3445,1515,0,"No"
0.26004300230036,0,"B1","M8","CNG",998,3,"Manual",3655,1620,2,"No"
0.19993861028165,0.08,"B2","M6","Petrol",1197,4,"Manual",3845,1735,2,"No"
0.897241261142762,0.05,"C1","M2","Petrol",1197,4,"Automatic",3995,1735,2,"No"
0.867824983365096,0.22,"A","M3","Petrol",999,3,"Automatic",3731,1579,2,"No"
0.611730815629745,0.03,"A","M1","CNG",796,3,"Manual",3445,1515,0,"No"
0.732389869580246,0.18,"C2","M4","Diesel",1493,4,"Automatic",4300,1790,3,"No"
0.918218920277213,0.07,"B2","M6","Petrol",1197,4,"Manual",3845,1735,2,"No"
1.1864731219572,0.04,"C2","M4","Diesel",1493,4,"Automatic",4300,1790,3,"No"
0.208808023152046,0,"A","M1","CNG",796,3,"Manual",3445,1515,0,"No"
0.976010563835264,0.09,"B2","M6","Petrol",1197,4,"Manual",3845,1735,2,"No"
1.03135855175431,0.01,"C2","M4","Diesel",1493,4,"Automatic",4300,1790,3,"No"
1.06556137031815,0.14,"B2","M6","Petrol",1197,4,"Manual",3845,1735,2,"No"
0.441973827170437,0.03,"A","M1","CNG",796,3,"Manual",3445,1515,0,"No"
0.147740600816742,0.03,"B2","M6","Petrol",1197,4,"Manual",3845,1735,2,"No"
0.09458335043576,0.04,"B2","M6","Petrol",1197,4,"Manual",3845,1735,2,"No"
0.032374698806449,0.01,"A","M1","CNG",796,3,"Manual",3445,1515,0,"No"
0.149607083797023,0.01,"A","M1","CNG",796,3,"Manual",3445,1515,0,"No"
1.13564821303045,0.09,"C2","M4","Diesel",1493,4,"Automatic",4300,1790,3,"No"
0.518292580108977,0.1,"B1","M8","CNG",998,3,"Manual",3655,1620,2,"No"
1.07372836417989,0.09,"B2","M6","Petrol",1197,4,"Manual",3845,1735,2,"No"
0.837157281065702,0.07,"B2","M6","Petrol",1197,4,"Manual",3845,1735,2,"No"
1.22417786675672,0.12,"B2","M6","Petrol",1197,4,"Manual",3845,1735,2,"No"
0.071693449760131,0.01,"A","M1","CNG",796,3,"Manual",3445,1515,0,"No"
0.08172127315998,0.11,"C2","M4","Diesel",1493,4,"Automatic",4300,1790,3,"No"
1.04873072279794,0.12,"B2","M6","Petrol",1197,4,"Manual",3845,1735,2,"No"
0.08035535081664,0.07,"B1","M8","CNG",998,3,"Manual",3655,1620,2,"No"
0.597459352169683,0.17,"C1","M9","Diesel",1498,4,"Manual",3995,1695,4,"No"
1.05085321435318,0.09,"A","M1","CNG",796,3,"Manual",3445,1515,0,"No"
0.08256765871035,0.05,"C1","M9","Diesel",1498,4,"Manual",3995,1695,4,"No"
1.20426750565051,0.04,"B2","M6","Petrol",1197,4,"Manual",3845,1735,2,"No"
0.420477670982233,0.13,"A","M1","CNG",796,3,"Manual",3445,1515,0,"No"
0.087131478134051,0.05,"B2","M5","Diesel",1497,4,"Manual",3990,1755,5,"No"
0.080332969291356,0.09,"C2","M4","Diesel",1493,4,"Automatic",4300,1790,3,"No"
0.925042959946622,0,"A","M1","CNG",796,3,"Manual",3445,1515,0,"No"
0.723974258837738,0.02,"A","M1","CNG",796,3,"Manual",3445,1515,0,"No"
0.686747164105873,0.02,"C1","M9","Diesel",1498,4,"Manual",3995,1695,4,"No"
0.394955788757251,0.01,"B2","M5","Diesel",1497,4,"Manual",3990,1755,5,"No"
0.779278694473787,0.01,"A","M1","CNG",796,3,"Manual",3445,1515,0,"No"
1.21792951451886,0.07,"A","M3","Petrol",999,3,"Automatic",3731,1579,2,"No"
0.248571288909782,0.12,"C2","M4","Diesel",1493,4,"Automatic",4300,1790,3,"No"
1.17560848278576,0.12,"B2","M6","Petrol",1197,4,"Manual",3845,1735,2,"No"
1.21580930238058,0.1,"B2","M6","Petrol",1197,4,"Manual",3845,1735,2,"No"
1.20406169941947,0.15,"B2","M7","Petrol",1197,4,"Automatic",3990,1745,0,"No"
0.744726818346941,0,"C2","M4","Diesel",1493,4,"Automatic",4300,1790,3,"No"
1.05479228021316,0.13,"C2","M4","Diesel",1493,4,"Automatic",4300,1790,3,"No"
0.035225229973161,0.1,"C2","M4","Diesel",1493,4,"Automatic",4300,1790,3,"No"
0.210283339291575,0.12,"C2","M4","Diesel",1493,4,"Automatic",4300,1790,3,"No"
0.290219998052971,0.05,"B2","M6","Petrol",1197,4,"Manual",3845,1735,2,"No"
1.1261766312436,0.08,"C2","M4","Diesel",1493,4,"Automatic",4300,1790,3,"No"
0.138019921173556,0.15,"B1","M8","CNG",998,3,"Manual",3655,1620,2,"No"
0.56237458280034,0,"B2","M6","Petrol",1197,4,"Manual",3845,1735,2,"No"
0.968400514506771,0.02,"A","M1","CNG",796,3,"Manual",3445,1515,0,"Yes"
0.524541453629587,0,"A","M1","CNG",796,3,"Manual",3445,1515,0,"No"
0.083566633936682,0.01,"A","M3","Petrol",999,3,"Automatic",3731,1579,2,"No"
1.17298295036464,0.02,"C2","M4","Diesel",1493,4,"Automatic",4300,1790,3,"No"
1.06412539140657,0.03,"C2","M4","Diesel",1493,4,"Automatic",4300,1790,3,"No"
0.485310542675135,0.11,"C2","M4","Diesel",1493,4,"Automatic",4300,1790,3,"No"
0.849192639161223,0.06,"B2","M7","Petrol",1197,4,"Automatic",3990,1745,0,"No"
0.872212419415704,0.01,"A","M1","CNG",796,3,"Manual",3445,1515,0,"No"
0.094316287506197,0.16,"C2","M4","Diesel",1493,4,"Automatic",4300,1790,3,"No"
0.725735691688475,0.02,"Utility","M10","CNG",1196,4,"Manual",3675,1475,0,"No"
0.128907305703413,0.15,"B2","M5","Diesel",1497,4,"Manual",3990,1755,5,"No"
0.522760572965937,0.1,"A","M3","Petrol",999,3,"Automatic",3731,1579,2,"No"
1.0147470102351,0.12,"B2","M5","Diesel",1497,4,"Manual",3990,1755,5,"No"
0.794463855317184,0.15,"C2","M4","Diesel",1493,4,"Automatic",4300,1790,3,"No"
0.157986350741605,0.19,"B2","M5","Diesel",1497,4,"Manual",3990,1755,5,"Yes"
1.00577057388886,0.06,"B2","M6","Petrol",1197,4,"Manual",3845,1735,2,"No"
0.088986958558717,0.15,"A","M1","CNG",796,3,"Manual",3445,1515,0,"No"
1.12074583342546,0.04,"A","M1","CNG",796,3,"Manual",3445,1515,0,"Yes"
1.08416050086779,0.01,"B2","M7","Petrol",1197,4,"Automatic",3990,1745,0,"No"
0.368972614894712,0.11,"B1","M8","CNG",998,3,"Manual",3655,1620,2,"No"
0.103721076661635,0,"A","M1","CNG",796,3,"Manual",3445,1515,0,"Yes"
0.557991506757081,0.07,"A","M1","CNG",796,3,"Manual",3445,1515,0,"No"
0.092484721822638,0.1,"B2","M6","Petrol",1197,4,"Manual",3845,1735,2,"No"
1.1606107300027,0.06,"B2","M6","Petrol",1197,4,"Manual",3845,1735,2,"No"
1.03974406242252,0.18,"C2","M4","Diesel",1493,4,"Automatic",4300,1790,3,"No"
0.373044502168644,0.01,"C2","M4","Diesel",1493,4,"Automatic",4300,1790,3,"No"
1.17817566872563,0.08,"C2","M4","Diesel",1493,4,"Automatic",4300,1790,3,"Yes"
1.24380490282456,0.03,"B2","M6","Petrol",1197,4,"Manual",3845,1735,2,"No"
0.648476092154843,0.18,"C2","M4","Diesel",1493,4,"Automatic",4300,1790,3,"No"
0.435915554069713,0.03,"A","M1","CNG",796,3,"Manual",3445,1515,0,"Yes"
0.011988722969939,0.04,"A","M1","CNG",796,3,"Manual",3445,1515,0,"No"
0.50467771285095,0.06,"B2","M5","Diesel",1497,4,"Manual",3990,1755,5,"No"
1.09973451889786,0.01,"A","M1","CNG",796,3,"Manual",3445,1515,0,"No"
1.08803148276972,0.14,"B1","M8","CNG",998,3,"Manual",3655,1620,2,"No"
0.139202851325052,0.1,"C1","M2","Petrol",1197,4,"Automatic",3995,1735,2,"No"
0.856446117075993,0.02,"A","M1","CNG",796,3,"Manual",3445,1515,0,"No"
0.238729143458536,0.02,"A","M1","CNG",796,3,"Manual",3445,1515,0,"No"
0.122833013518386,0.05,"A","M3","Petrol",999,3,"Automatic",3731,1579,2,"No"
0.324852150349221,0.01,"A","M1","CNG",796,3,"Manual",3445,1515,0,"No"
0.691695277555607,0.13,"C2","M4","Diesel",1493,4,"Automatic",4300,1790,3,"No"
0.826092686588403,0.04,"A","M1","CNG",796,3,"Manual",3445,1515,0,"No"
0.060033440582013,0.18,"B2","M6","Petrol",1197,4,"Manual",3845,1735,2,"No"
1.04515401693575,0.05,"C2","M4","Diesel",1493,4,"Automatic",4300,1790,3,"No"
0.422205734029571,0.1,"B1","M8","CNG",998,3,"Manual",3655,1620,2,"No"
1.21554999608296,0.02,"C2","M4","Diesel",1493,4,"Automatic",4300,1790,3,"No"
0.466921614311926,0.01,"A","M1","CNG",796,3,"Manual",3445,1515,0,"No"
1.06550944133171,0.03,"B2","M6","Petrol",1197,4,"Manual",3845,1735,2,"No"
0.494083124908859,0,"A","M1","CNG",796,3,"Manual",3445,1515,0,"No"
1.09528877113185,0.07,"C1","M9","Diesel",1498,4,"Manual",3995,1695,4,"No"
1.01976824789783,0.06,"B2","M6","Petrol",1197,4,"Manual",3845,1735,2,"No"
0.545842692381164,0.01,"A","M1","CNG",796,3,"Manual",3445,1515,0,"No"
0.887433970120528,0.03,"B1","M8","CNG",998,3,"Manual",3655,1620,2,"No"
1.15045254648615,0.09,"B2","M6","Petrol",1197,4,"Manual",3845,1735,2,"No"
1.01886928269782,0.04,"B2","M7","Petrol",1197,4,"Automatic",3990,1745,0,"No"
0.58289265498876,0.03,"B2","M6","Petrol",1197,4,"Manual",3845,1735,2,"No"
0.032122983403608,0.01,"C2","M4","Diesel",1493,4,"Automatic",4300,1790,3,"No"
0.427522134219066,0.1,"B2","M6","Petrol",1197,4,"Manual",3845,1735,2,"No"
0.121631859540821,0,"C1","M9","Diesel",1498,4,"Manual",3995,1695,4,"No"
0.564635463291368,0.1,"A","M1","CNG",796,3,"Manual",3445,1515,0,"No"
0.006643295544639,0.14,"C2","M4","Diesel",1493,4,"Automatic",4300,1790,3,"No"
0.203264759570672,0.1,"C2","M4","Diesel",1493,4,"Automatic",4300,1790,3,"No"
0.436011845953741,0.16,"Utility","M10","CNG",1196,4,"Manual",3675,1475,0,"No"
0.035690535425921,0,"A","M1","CNG",796,3,"Manual",3445,1515,0,"No"
1.10751377716144,0.08,"C2","M4","Diesel",1493,4,"Automatic",4300,1790,3,"Yes"
1.21118167476037,0.15,"B1","M8","CNG",998,3,"Manual",3655,1620,2,"No"
1.05968479532969,0.06,"C2","M4","Diesel",1493,4,"Automatic",4300,1790,3,"No"
0.923033712955094,0.16,"C2","M4","Diesel",1493,4,"Automatic",4300,1790,3,"No"
0.115481452405527,0.01,"A","M1","CNG",796,3,"Manual",3445,1515,0,"No"
1.03080404455346,0.02,"C1","M9","Diesel",1498,4,"Manual",3995,1695,4,"No"
0.764696236369088,0.02,"C2","M4","Diesel",1493,4,"Automatic",4300,1790,3,"No"
0.046314938829504,0,"A","M1","CNG",796,3,"Manual",3445,1515,0,"Yes"
1.0183392648879,0.15,"C2","M4","Diesel",1493,4,"Automatic",4300,1790,3,"No"
0.03325633144843,0,"A","M1","CNG",796,3,"Manual",3445,1515,0,"No"
0.908840507704195,0.08,"B1","M8","CNG",998,3,"Manual",3655,1620,2,"No"
0.502845527757345,0.12,"B2","M6","Petrol",1197,4,"Manual",3845,1735,2,"No"
0.55226614632572,0.13,"C2","M4","Diesel",1493,4,"Automatic",4300,1790,3,"Yes"
0.552847655187668,0.1,"C2","M4","Diesel",1493,4,"Automatic",4300,1790,3,"No"
0.110546079293128,0,"C2","M4","Diesel",1493,4,"Automatic",4300,1790,3,"No"
1.16602893164356,0.1,"B1","M8","CNG",998,3,"Manual",3655,1620,2,"No"
0.525026664856129,0.16,"C2","M4","Diesel",1493,4,"Automatic",4300,1790,3,"No"
1.06715877367992,0.13,"C1","M2","Petrol",1197,4,"Automatic",3995,1735,2,"No"
1.10537020844402,0.08,"B2","M7","Petrol",1197,4,"Automatic",3990,1745,0,"No"
0.115556092655359,0.08,"C2","M4","Diesel",1493,4,"Automatic",4300,1790,3,"No"
1.14129690851198,0.14,"C1","M9","Diesel",1498,4,"Manual",3995,1695,4,"Yes"
0.174827573309634,0.02,"C2","M4","Diesel",1493,4,"Automatic",4300,1790,3,"No"
0.090619689301312,0.02,"B1","M8","CNG",998,3,"Manual",3655,1620,2,"No"
0.138787454010631,0.05,"B2","M6","Petrol",1197,4,"Manual",3845,1735,2,"No"
0.031743624504499,0.1,"A","M1","CNG",796,3,"Manual",3445,1515,0,"No"
0.283246106592277,0.03,"C1","M9","Diesel",1498,4,"Manual",3995,1695,4,"No"
0.690233321335561,0.01,"A","M1","CNG",796,3,"Manual",3445,1515,0,"No"
1.11271507756671,0.09,"C1","M9","Diesel",1498,4,"Manual",3995,1695,4,"No"
0.24703879101018,0.14,"C2","M4","Diesel",1493,4,"Automatic",4300,1790,3,"No"
0.097255446941931,0.02,"B2","M6","Petrol",1197,4,"Manual",3845,1735,2,"No"
0.097691175656263,0.09,"B1","M8","CNG",998,3,"Manual",3655,1620,2,"No"
0.694000161581228,0.01,"A","M1","CNG",796,3,"Manual",3445,1515,0,"No"
0.121721760405286,0.08,"B2","M6","Petrol",1197,4,"Manual",3845,1735,2,"No"
1.14972251991935,0.09,"C2","M4","Diesel",1493,4,"Automatic",4300,1790,3,"No"
0.928405635046283,0.04,"B1","M8","CNG",998,3,"Manual",3655,1620,2,"No"
0.756419870089903,0.13,"C2","M4","Diesel",1493,4,"Automatic",4300,1790,3,"No"
0.034157650783979,0.03,"B1","M8","CNG",998,3,"Manual",3655,1620,2,"No"
1.18215335832129,0.07,"C2","M4","Diesel",1493,4,"Automatic",4300,1790,3,"No"
0.907487761171003,0.07,"B2","M6","Petrol",1197,4,"Manual",3845,1735,2,"No"
0.116454148592116,0,"A","M1","CNG",796,3,"Manual",3445,1515,0,"No"
1.10745052827247,0.14,"B2","M6","Petrol",1197,4,"Manual",3845,1735,2,"No"
0.636647535498948,0.01,"A","M1","CNG",796,3,"Manual",3445,1515,0,"No"
0.085500852418766,0,"Utility","M10","CNG",1196,4,"Manual",3675,1475,0,"No"
0.874894423012613,0.19,"C2","M4","Diesel",1493,4,"Automatic",4300,1790,3,"No"
0.747396166385589,0.04,"A","M1","CNG",796,3,"Manual",3445,1515,0,"Yes"
1.05666847791949,0.11,"C2","M4","Diesel",1493,4,"Automatic",4300,1790,3,"No"
0.236662655892947,0.16,"B2","M6","Petrol",1197,4,"Manual",3845,1735,2,"No"
0.10915450932218,0.03,"A","M3","Petrol",999,3,"Automatic",3731,1579,2,"No"
0.89919330504767,0.01,"A","M1","CNG",796,3,"Manual",3445,1515,0,"No"
0.795585427699578,0.08,"B2","M6","Petrol",1197,4,"Manual",3845,1735,2,"No"
0.507483504729764,0.01,"B2","M6","Petrol",1197,4,"Manual",3845,1735,2,"No"
0.990102540634729,0.11,"B1","M8","CNG",998,3,"Manual",3655,1620,2,"No"
1.03651657567303,0.07,"B2","M7","Petrol",1197,4,"Automatic",3990,1745,0,"No"
0.230011856809873,0.02,"A","M1","CNG",796,3,"Manual",3445,1515,0,"No"
1.09871544676219,0.15,"B2","M6","Petrol",1197,4,"Manual",3845,1735,2,"No"
0.137861723184672,0.08,"A","M3","Petrol",999,3,"Automatic",3731,1579,2,"No"
0.260139430575151,0.02,"A","M1","CNG",796,3,"Manual",3445,1515,0,"No"
0.14451892139372,0.02,"A","M1","CNG",796,3,"Manual",3445,1515,0,"No"
0.071554933968103,0.13,"B2","M6","Petrol",1197,4,"Manual",3845,1735,2,"No"
0.555899859951365,0.02,"C1","M11","Petrol",1199,3,"Manual",3993,1811,5,"No"
0.296911239967328,0.06,"C2","M4","Diesel",1493,4,"Automatic",4300,1790,3,"No"
0.539863595478472,0.12,"B1","M8","CNG",998,3,"Manual",3655,1620,2,"No"
0.264110614930701,0.07,"B2","M6","Petrol",1197,4,"Manual",3845,1735,2,"No"
0.587780902549761,0,"B1","M8","CNG",998,3,"Manual",3655,1620,2,"No"
0.152127520837665,0.09,"C2","M4","Diesel",1493,4,"Automatic",4300,1790,3,"No"
1.07652366026308,0.09,"C2","M4","Diesel",1493,4,"Automatic",4300,1790,3,"No"
0.36533846395609,0.05,"C2","M4","Diesel",1493,4,"Automatic",4300,1790,3,"Yes"
1.07109887897037,0.08,"A","M1","CNG",796,3,"Manual",3445,1515,0,"No"
0.567821331625704,0.1,"C2","M4","Diesel",1493,4,"Automatic",4300,1790,3,"No"
0.090358011843617,0,"C2","M4","Diesel",1493,4,"Automatic",4300,1790,3,"No"
0.022280971080879,0.03,"C2","M4","Diesel",1493,4,"Automatic",4300,1790,3,"No"
0.666517165549315,0.01,"A","M1","CNG",796,3,"Manual",3445,1515,0,"No"
0.688573420537231,0,"B2","M6","Petrol",1197,4,"Manual",3845,1735,2,"No"
0.858679529947509,0.13,"C1","M2","Petrol",1197,4,"Automatic",3995,1735,2,"No"
1.23268877950539,0.05,"C2","M4","Diesel",1493,4,"Automatic",4300,1790,3,"Yes"
1.06983383837079,0.11,"C2","M4","Diesel",1493,4,"Automatic",4300,1790,3,"No"
0.42915519465189,0,"B2","M7","Petrol",1197,4,"Automatic",3990,1745,0,"No"
1.11693702536174,0.16,"B2","M5","Diesel",1497,4,"Manual",3990,1755,5,"No"
0.391102317819813,0,"A","M1","CNG",796,3,"Manual",3445,1515,0,"No"
1.10733460737088,0.06,"C2","M4","Diesel",1493,4,"Automatic",4300,1790,3,"No"
0.989211829005932,0.04,"A","M1","CNG",796,3,"Manual",3445,1515,0,"No"
0.202941379981688,0.13,"B1","M8","CNG",998,3,"Manual",3655,1620,2,"No"
0.080450865928788,0.02,"A","M1","CNG",796,3,"Manual",3445,1515,0,"No"
0.248763451382084,0.02,"B2","M6","Petrol",1197,4,"Manual",3845,1735,2,"No"
0.421549763361865,0.02,"C2","M4","Diesel",1493,4,"Automatic",4300,1790,3,"No"
0.293864254733623,0.03,"B2","M6","Petrol",1197,4,"Manual",3845,1735,2,"No"
0.087918496082992,0.12,"B2","M6","Petrol",1197,4,"Manual",3845,1735,2,"No"
0.656527756732391,0.01,"A","M1","CNG",796,3,"Manual",3445,1515,0,"No"
0.18556604714315,0.05,"B2","M6","Petrol",1197,4,"Manual",3845,1735,2,"No"
0.798385960298013,0.1,"A","M1","CNG",796,3,"Manual",3445,1515,0,"No"
0.384907004200273,0.04,"B2","M5","Diesel",1497,4,"Manual",3990,1755,5,"No"
0.196493184424977,0.01,"A","M1","CNG",796,3,"Manual",3445,1515,0,"No"
0.417017217003273,0.15,"C2","M4","Diesel",1493,4,"Automatic",4300,1790,3,"No"
1.04823573824814,0.06,"A","M3","Petrol",999,3,"Automatic",3731,1579,2,"No"
0.061603355603289,0.15,"B2","M6","Petrol",1197,4,"Manual",3845,1735,2,"No"
0.106995163459984,0.18,"A","M3","Petrol",999,3,"Automatic",3731,1579,2,"No"
1.04990730148234,0.12,"C2","M4","Diesel",1493,4,"Automatic",4300,1790,3,"No"
0.085391826194917,0.12,"C1","M9","Diesel",1498,4,"Manual",3995,1695,4,"No"
0.11898441521926,0,"A","M1","CNG",796,3,"Manual",3445,1515,0,"No"
1.24828764136058,0.21,"C2","M4","Diesel",1493,4,"Automatic",4300,1790,3,"No"
1.01426403294523,0.07,"B2","M6","Petrol",1197,4,"Manual",3845,1735,2,"No"
0.569259428493428,0.31,"B2","M5","Diesel",1497,4,"Manual",3990,1755,5,"No"
0.432316963329055,0.04,"Utility","M10","CNG",1196,4,"Manual",3675,1475,0,"No"
0.525110291016469,0.19,"Utility","M10","CNG",1196,4,"Manual",3675,1475,0,"No"
1.18867177115036,0.14,"C2","M4","Diesel",1493,4,"Automatic",4300,1790,3,"No"
0.24022195517864,0.07,"Utility","M10","CNG",1196,4,"Manual",3675,1475,0,"No"
0.099609907577913,0.08,"B2","M6","Petrol",1197,4,"Manual",3845,1735,2,"No"
0.402111196980219,0.06,"B1","M8","CNG",998,3,"Manual",3655,1620,2,"No"
1.10714584654128,0.17,"B2","M6","Petrol",1197,4,"Manual",3845,1735,2,"No"
1.02872155192851,0.3,"B2","M6","Petrol",1197,4,"Manual",3845,1735,2,"No"
0.060614819426806,0.11,"C2","M4","Diesel",1493,4,"Automatic",4300,1790,3,"No"
0.055079340282232,0.09,"C2","M4","Diesel",1493,4,"Automatic",4300,1790,3,"No"
0.085135148905814,0.08,"B2","M6","Petrol",1197,4,"Manual",3845,1735,2,"No"
0.266218403704927,0.14,"B2","M6","Petrol",1197,4,"Manual",3845,1735,2,"No"
0.258427367975698,0.05,"C2","M4","Diesel",1493,4,"Automatic",4300,1790,3,"No"
1.10854612432304,0.02,"B2","M6","Petrol",1197,4,"Manual",3845,1735,2,"No"
1.10453975398095,0.13,"C2","M4","Diesel",1493,4,"Automatic",4300,1790,3,"No"
1.04460189680315,0.09,"A","M1","CNG",796,3,"Manual",3445,1515,0,"No"
1.12254978737577,0.1,"B2","M6","Petrol",1197,4,"Manual",3845,1735,2,"No"
0.330265924894871,0.04,"A","M1","CNG",796,3,"Manual",3445,1515,0,"No"
0.553226004211665,0.02,"A","M1","CNG",796,3,"Manual",3445,1515,0,"No"
0.104710244150731,0.02,"A","M1","CNG",796,3,"Manual",3445,1515,0,"No"
0.608779359144548,0,"C2","M4","Diesel",1493,4,"Automatic",4300,1790,3,"No"
1.16928890543915,0.08,"A","M3","Petrol",999,3,"Automatic",3731,1579,2,"No"
0.097667326738837,0.02,"B2","M6","Petrol",1197,4,"Manual",3845,1735,2,"No"
0.703327456354826,0.11,"Utility","M10","CNG",1196,4,"Manual",3675,1475,0,"No"
0.587271937614717,0,"A","M1","CNG",796,3,"Manual",3445,1515,0,"Yes"
0.043563875506561,0,"A","M1","CNG",796,3,"Manual",3445,1515,0,"No"
1.00974572288638,0.03,"B2","M6","Petrol",1197,4,"Manual",3845,1735,2,"No"
0.386436379756305,0.18,"Utility","M10","CNG",1196,4,"Manual",3675,1475,0,"No"
1.14145986503328,0.08,"C2","M4","Diesel",1493,4,"Automatic",4300,1790,3,"No"
0.093713774699615,0.05,"B2","M6","Petrol",1197,4,"Manual",3845,1735,2,"No"
1.24106331002801,0.13,"B1","M8","CNG",998,3,"Manual",3655,1620,2,"No"
0.217495780775425,0,"A","M1","CNG",796,3,"Manual",3445,1515,0,"No"
1.13134269321692,0.19,"B2","M6","Petrol",1197,4,"Manual",3845,1735,2,"No"
1.07092381713404,0.14,"C2","M4","Diesel",1493,4,"Automatic",4300,1790,3,"No"
1.08458222918103,0.09,"B2","M6","Petrol",1197,4,"Manual",3845,1735,2,"No"
1.07673081268863,0.11,"C2","M4","Diesel",1493,4,"Automatic",4300,1790,3,"No"
1.04447203001936,0.22,"C2","M4","Diesel",1493,4,"Automatic",4300,1790,3,"No"
0.905480627837444,0.08,"C2","M4","Diesel",1493,4,"Automatic",4300,1790,3,"No"
0.5473912793167,0.03,"B2","M6","Petrol",1197,4,"Manual",3845,1735,2,"Yes"
1.22466471601757,0.04,"C2","M4","Diesel",1493,4,"Automatic",4300,1790,3,"No"
0.522461956117382,0.08,"B1","M8","CNG",998,3,"Manual",3655,1620,2,"No"
1.01205920212292,0.04,"Utility","M10","CNG",1196,4,"Manual",3675,1475,0,"Yes"
1.10479028461368,0.11,"C2","M4","Diesel",1493,4,"Automatic",4300,1790,3,"No"
1.22785302508027,0.06,"B2","M6","Petrol",1197,4,"Manual",3845,1735,2,"No"
0.795909699732388,0.03,"C1","M9","Diesel",1498,4,"Manual",3995,1695,4,"No"
0.926236128733536,0.01,"B1","M8","CNG",998,3,"Manual",3655,1620,2,"No"
1.0763005708605,0.06,"B2","M6","Petrol",1197,4,"Manual",3845,1735,2,"No"
0.199467689942207,0.17,"C2","M4","Diesel",1493,4,"Automatic",4300,1790,3,"No"
0.048774166621658,0.09,"C2","M4","Diesel",1493,4,"Automatic",4300,1790,3,"No"
0.593687957378639,0.09,"C2","M4","Diesel",1493,4,"Automatic",4300,1790,3,"No"
0.289282783331758,0.02,"B1","M8","CNG",998,3,"Manual",3655,1620,2,"No"
1.16909893252975,0.03,"C2","M4","Diesel",1493,4,"Automatic",4300,1790,3,"No"
0.492907927762281,0.01,"B2","M5","Diesel",1497,4,"Manual",3990,1755,5,"No"
0.417414891442208,0.1,"C2","M4","Diesel",1493,4,"Automatic",4300,1790,3,"No"
0.061336124801304,0,"A","M1","CNG",796,3,"Manual",3445,1515,0,"No"
0.533370784224116,0.11,"C2","M4","Diesel",1493,4,"Automatic",4300,1790,3,"No"
0.306922940719793,0.12,"B2","M7","Petrol",1197,4,"Automatic",3990,1745,0,"No"
1.00331396257035,0.05,"C2","M4","Diesel",1493,4,"Automatic",4300,1790,3,"No"
0.619666646251758,0.12,"Utility","M10","CNG",1196,4,"Manual",3675,1475,0,"No"
0.680408926425592,0,"C1","M2","Petrol",1197,4,"Automatic",3995,1735,2,"No"
0.03552091397177,0.01,"A","M1","CNG",796,3,"Manual",3445,1515,0,"No"
0.003185297701468,0,"C2","M4","Diesel",1493,4,"Automatic",4300,1790,3,"No"
1.23872274047752,0.05,"A","M3","Petrol",999,3,"Automatic",3731,1579,2,"No"
0.057650118211562,0.04,"C1","M2","Petrol",1197,4,"Automatic",3995,1735,2,"No"
1.1488365838192,0.23,"B2","M6","Petrol",1197,4,"Manual",3845,1735,2,"No"
0.505312187914442,0.01,"B2","M7","Petrol",1197,4,"Automatic",3990,1745,0,"No"
0.093752462908697,0.03,"B2","M6","Petrol",1197,4,"Manual",3845,1735,2,"No"
0.267134058837384,0.06,"C2","M4","Diesel",1493,4,"Automatic",4300,1790,3,"No"
0.084655159023015,0.18,"B2","M6","Petrol",1197,4,"Manual",3845,1735,2,"No"
0.588366737255661,0.08,"C2","M4","Diesel",1493,4,"Automatic",4300,1790,3,"Yes"
0.692457866681282,0.03,"A","M1","CNG",796,3,"Manual",3445,1515,0,"No"
0.00306865893715,0.06,"B2","M6","Petrol",1197,4,"Manual",3845,1735,2,"No"
0.895763890521128,0,"A","M1","CNG",796,3,"Manual",3445,1515,0,"Yes"
1.0817866442395,0.09,"C2","M4","Diesel",1493,4,"Automatic",4300,1790,3,"No"
1.15178713899851,0.04,"B2","M6","Petrol",1197,4,"Manual",3845,1735,2,"No"
1.10204527987073,0.03,"A","M1","CNG",796,3,"Manual",3445,1515,0,"Yes"
1.13722699344855,0.05,"C2","M4","Diesel",1493,4,"Automatic",4300,1790,3,"No"
1.16169388185414,0.02,"C2","M4","Diesel",1493,4,"Automatic",4300,1790,3,"No"
0.287247514268177,0.06,"B2","M7","Petrol",1197,4,"Automatic",3990,1745,0,"No"
1.20889687153392,0.06,"C2","M4","Diesel",1493,4,"Automatic",4300,1790,3,"No"
0.082668135926237,0.03,"A","M3","Petrol",999,3,"Automatic",3731,1579,2,"No"
0.771818860730366,0.05,"C2","M4","Diesel",1493,4,"Automatic",4300,1790,3,"No"
1.21858227998218,0.15,"C2","M4","Diesel",1493,4,"Automatic",4300,1790,3,"No"
0.710315286854143,0.04,"A","M1","CNG",796,3,"Manual",3445,1515,0,"No"
0.291700292272579,0,"B2","M6","Petrol",1197,4,"Manual",3845,1735,2,"No"
0.085151661199496,0.05,"C2","M4","Diesel",1493,4,"Automatic",4300,1790,3,"No"
1.20458815916402,0.14,"C2","M4","Diesel",1493,4,"Automatic",4300,1790,3,"No"
0.87998899745682,0.06,"A","M1","CNG",796,3,"Manual",3445,1515,0,"No"
0.295500944527883,0.01,"C2","M4","Diesel",1493,4,"Automatic",4300,1790,3,"No"
1.06681580954467,0.06,"B2","M6","Petrol",1197,4,"Manual",3845,1735,2,"No"
0.337680734948272,0.01,"B1","M8","CNG",998,3,"Manual",3655,1620,2,"No"
1.13402886610101,0.09,"B2","M6","Petrol",1197,4,"Manual",3845,1735,2,"No"
1.13103817313514,0.03,"C2","M4","Diesel",1493,4,"Automatic",4300,1790,3,"No"
0.153703283172495,0.11,"A","M3","Petrol",999,3,"Automatic",3731,1579,2,"No"
0.044319221767301,0.14,"C1","M11","Petrol",1199,3,"Manual",3993,1811,5,"No"
0.306710444983965,0.01,"A","M1","CNG",796,3,"Manual",3445,1515,0,"No"
1.00801341347754,0.05,"A","M3","Petrol",999,3,"Automatic",3731,1579,2,"No"
0.170122671500983,0.04,"A","M3","Petrol",999,3,"Automatic",3731,1579,2,"No"
0.37310857048267,0,"A","M1","CNG",796,3,"Manual",3445,1515,0,"No"
0.287479016553286,0.1,"C2","M4","Diesel",1493,4,"Automatic",4300,1790,3,"No"
0.261552768992379,0.15,"C1","M2","Petrol",1197,4,"Automatic",3995,1735,2,"No"
0.559863441509661,0.1,"A","M1","CNG",796,3,"Manual",3445,1515,0,"No"
0.871023567654555,0.08,"C2","M4","Diesel",1493,4,"Automatic",4300,1790,3,"No"
0.661635549570784,0.01,"A","M1","CNG",796,3,"Manual",3445,1515,0,"No"
0.131450122901838,0.03,"B2","M6","Petrol",1197,4,"Manual",3845,1735,2,"No"
0.228855426746875,0.15,"Utility","M10","CNG",1196,4,"Manual",3675,1475,0,"No"
1.17441786248837,0.03,"B2","M6","Petrol",1197,4,"Manual",3845,1735,2,"No"
0.346442381362753,0.02,"A","M1","CNG",796,3,"Manual",3445,1515,0,"No"
0.15512408554628,0.06,"C2","M4","Diesel",1493,4,"Automatic",4300,1790,3,"No"
1.16265334320168,0.05,"C2","M4","Diesel",1493,4,"Automatic",4300,1790,3,"No"
1.07680231138843,0.15,"B2","M6","Petrol",1197,4,"Manual",3845,1735,2,"No"
1.05648406820017,0.12,"C2","M4","Diesel",1493,4,"Automatic",4300,1790,3,"Yes"
1.0019076446069,0.02,"B2","M5","Diesel",1497,4,"Manual",3990,1755,5,"No"
0.022796620966346,0,"A","M1","CNG",796,3,"Manual",3445,1515,0,"No"
0.084076770515799,0,"A","M1","CNG",796,3,"Manual",3445,1515,0,"No"
0.491848198692891,0.01,"A","M1","CNG",796,3,"Manual",3445,1515,0,"No"
0.768564535638085,0.1,"B2","M6","Petrol",1197,4,"Manual",3845,1735,2,"Yes"
1.23695444865947,0.05,"B2","M6","Petrol",1197,4,"Manual",3845,1735,2,"Yes"
0.348850165449698,0.11,"B2","M6","Petrol",1197,4,"Manual",3845,1735,2,"No"
0.070493395279264,0.01,"A","M1","CNG",796,3,"Manual",3445,1515,0,"No"
0.032689695573365,0.03,"A","M1","CNG",796,3,"Manual",3445,1515,0,"No"
1.00653101067572,0.07,"B2","M5","Diesel",1497,4,"Manual",3990,1755,5,"No"
0.409821704160112,0.01,"C1","M9","Diesel",1498,4,"Manual",3995,1695,4,"No"
0.549770211011147,0.01,"B2","M6","Petrol",1197,4,"Manual",3845,1735,2,"No"
0.776610072385817,0.02,"C2","M4","Diesel",1493,4,"Automatic",4300,1790,3,"No"
0.182728134211073,0.15,"A","M3","Petrol",999,3,"Automatic",3731,1579,2,"No"
0.07543911070071,0,"A","M1","CNG",796,3,"Manual",3445,1515,0,"No"
1.08280018809233,0.04,"B2","M6","Petrol",1197,4,"Manual",3845,1735,2,"No"
1.15458963768033,0.02,"C1","M9","Diesel",1498,4,"Manual",3995,1695,4,"Yes"
0.021057826286536,0.03,"A","M1","CNG",796,3,"Manual",3445,1515,0,"No"
0.59118457804452,0.19,"B2","M6","Petrol",1197,4,"Manual",3845,1735,2,"No"
0.289041870743048,0.15,"C2","M4","Diesel",1493,4,"Automatic",4300,1790,3,"No"
0.031257077375711,0.09,"C1","M9","Diesel",1498,4,"Manual",3995,1695,4,"Yes"
0.744709284317879,0.04,"A","M1","CNG",796,3,"Manual",3445,1515,0,"No"
0.164713537121068,0.05,"A","M1","CNG",796,3,"Manual",3445,1515,0,"No"
0.06688953584786,0.1,"C1","M9","Diesel",1498,4,"Manual",3995,1695,4,"No"
0.503006693991566,0.07,"B2","M5","Diesel",1497,4,"Manual",3990,1755,5,"No"
0.138370142055589,0.02,"B1","M8","CNG",998,3,"Manual",3655,1620,2,"No"
0.139732978177035,0.13,"C1","M11","Petrol",1199,3,"Manual",3993,1811,5,"No"
1.16545788033674,0.06,"B2","M6","Petrol",1197,4,"Manual",3845,1735,2,"No"
0.096807972559945,0.1,"C1","M9","Diesel",1498,4,"Manual",3995,1695,4,"No"
0.563906152759051,0.06,"B2","M6","Petrol",1197,4,"Manual",3845,1735,2,"No"
0.703561003510847,0.02,"B2","M6","Petrol",1197,4,"Manual",3845,1735,2,"No"
0.855585804260195,0.02,"A","M1","CNG",796,3,"Manual",3445,1515,0,"No"
0.273859130901629,0.04,"C2","M4","Diesel",1493,4,"Automatic",4300,1790,3,"No"
1.1996201691499,0.03,"Utility","M10","CNG",1196,4,"Manual",3675,1475,0,"No"
1.13091595607866,0.06,"C2","M4","Diesel",1493,4,"Automatic",4300,1790,3,"No"
0.244070530226597,0.02,"A","M1","CNG",796,3,"Manual",3445,1515,0,"No"
1.10860794263834,0.12,"C2","M4","Diesel",1493,4,"Automatic",4300,1790,3,"No"
0.967088776360479,0.01,"A","M1","CNG",796,3,"Manual",3445,1515,0,"No"
0.352529650497319,0,"A","M1","CNG",796,3,"Manual",3445,1515,0,"No"
0.807687563700223,0.1,"B2","M6","Petrol",1197,4,"Manual",3845,1735,2,"No"
0.629362802203854,0.06,"A","M1","CNG",796,3,"Manual",3445,1515,0,"No"
0.062492841232754,0,"A","M1","CNG",796,3,"Manual",3445,1515,0,"No"
1.13335319136851,0.03,"C1","M9","Diesel",1498,4,"Manual",3995,1695,4,"No"
1.1157502162807,0.1,"C2","M4","Diesel",1493,4,"Automatic",4300,1790,3,"No"
0.80181532723623,0.01,"A","M1","CNG",796,3,"Manual",3445,1515,0,"No"
0.567375373266172,0.09,"B1","M8","CNG",998,3,"Manual",3655,1620,2,"No"
0.365413836977203,0.1,"C2","M4","Diesel",1493,4,"Automatic",4300,1790,3,"No"
1.17071260750654,0.17,"B2","M6","Petrol",1197,4,"Manual",3845,1735,2,"Yes"
0.457142662385343,0.11,"B2","M7","Petrol",1197,4,"Automatic",3990,1745,0,"No"
0.077512300757212,0.15,"C2","M4","Diesel",1493,4,"Automatic",4300,1790,3,"No"
1.24673434229557,0.02,"C1","M9","Diesel",1498,4,"Manual",3995,1695,4,"No"
0.107593463242566,0,"A","M1","CNG",796,3,"Manual",3445,1515,0,"No"
0.320886290274795,0.03,"A","M1","CNG",796,3,"Manual",3445,1515,0,"No"
1.01977227539596,0.12,"C2","M4","Diesel",1493,4,"Automatic",4300,1790,3,"No"
0.303793573341771,0,"C2","M4","Diesel",1493,4,"Automatic",4300,1790,3,"No"
0.158292368260273,0.03,"A","M1","CNG",796,3,"Manual",3445,1515,0,"No"
1.23387370501667,0.06,"C1","M9","Diesel",1498,4,"Manual",3995,1695,4,"No"
0.678543740269197,0.07,"Utility","M10","CNG",1196,4,"Manual",3675,1475,0,"No"
0.593766977189341,0.11,"C2","M4","Diesel",1493,4,"Automatic",4300,1790,3,"Yes"
0.33473390409827,0.02,"A","M1","CNG",796,3,"Manual",3445,1515,0,"No"
0.372461722806437,0.11,"B2","M6","Petrol",1197,4,"Manual",3845,1735,2,"No"
0.616642672393126,0.03,"A","M1","CNG",796,3,"Manual",3445,1515,0,"No"
0.131123746523222,0,"A","M1","CNG",796,3,"Manual",3445,1515,0,"Yes"
1.05722198195203,0.06,"C1","M9","Diesel",1498,4,"Manual",3995,1695,4,"No"
1.13164592104005,0.13,"B2","M6","Petrol",1197,4,"Manual",3845,1735,2,"No"
0.00318590716661,0.14,"B2","M6","Petrol",1197,4,"Manual",3845,1735,2,"No"
0.63660565974625,0.01,"A","M1","CNG",796,3,"Manual",3445,1515,0,"No"
1.10577248132158,0.06,"B2","M7","Petrol",1197,4,"Automatic",3990,1745,0,"No"
0.090766206870129,0,"B2","M6","Petrol",1197,4,"Manual",3845,1735,2,"No"
0.772554019972994,0.16,"C2","M4","Diesel",1493,4,"Automatic",4300,1790,3,"No"
0.562058019280311,0.03,"B2","M7","Petrol",1197,4,"Automatic",3990,1745,0,"No"
0.097303361599786,0.07,"A","M3","Petrol",999,3,"Automatic",3731,1579,2,"No"
0.16672759542651,0.08,"B2","M6","Petrol",1197,4,"Manual",3845,1735,2,"No"
0.180861508695041,0.05,"B1","M8","CNG",998,3,"Manual",3655,1620,2,"No"
0.091053673068539,0.22,"B1","M8","CNG",998,3,"Manual",3655,1620,2,"No"
0.303543618657165,0.11,"C2","M4","Diesel",1493,4,"Automatic",4300,1790,3,"No"
1.15068326035285,0.02,"C2","M4","Diesel",1493,4,"Automatic",4300,1790,3,"No"
0.02323952046896,0.01,"B1","M8","CNG",998,3,"Manual",3655,1620,2,"Yes"
0.037147553703405,0.03,"B2","M6","Petrol",1197,4,"Manual",3845,1735,2,"No"
1.11723091928567,0.06,"B2","M5","Diesel",1497,4,"Manual",3990,1755,5,"No"
0.343810256737448,0.14,"C2","M4","Diesel",1493,4,"Automatic",4300,1790,3,"No"
0.840507677733585,0,"B2","M6","Petrol",1197,4,"Manual",3845,1735,2,"No"
0.200169572418962,0.1,"B2","M6","Petrol",1197,4,"Manual",3845,1735,2,"Yes"
0.03147237768145,0.02,"A","M1","CNG",796,3,"Manual",3445,1515,0,"No"
1.16768710059055,0.05,"C1","M2","Petrol",1197,4,"Automatic",3995,1735,2,"No"
0.51635071668313,0.01,"B2","M7","Petrol",1197,4,"Automatic",3990,1745,0,"No"
0.312385212755874,0.14,"C2","M4","Diesel",1493,4,"Automatic",4300,1790,3,"No"
0.197450382522465,0.09,"B2","M6","Petrol",1197,4,"Manual",3845,1735,2,"No"
1.17438739892535,0.03,"C1","M9","Diesel",1498,4,"Manual",3995,1695,4,"No"
0.053698078071096,0,"A","M1","CNG",796,3,"Manual",3445,1515,0,"No"
0.308183972953037,0,"A","M1","CNG",796,3,"Manual",3445,1515,0,"No"
1.21623153084217,0.1,"B2","M6","Petrol",1197,4,"Manual",3845,1735,2,"No"
1.06138038372092,0.01,"B2","M6","Petrol",1197,4,"Manual",3845,1735,2,"No"
0.011675378418326,0,"A","M1","CNG",796,3,"Manual",3445,1515,0,"No"
0.308593395964278,0.14,"C2","M4","Diesel",1493,4,"Automatic",4300,1790,3,"No"
1.05924051120091,0.01,"C2","M4","Diesel",1493,4,"Automatic",4300,1790,3,"No"
0.010478626578079,0.01,"A","M1","CNG",796,3,"Manual",3445,1515,0,"No"
1.04925734212756,0.01,"C1","M9","Diesel",1498,4,"Manual",3995,1695,4,"No"
1.00452527445202,0.08,"C2","M4","Diesel",1493,4,"Automatic",4300,1790,3,"No"
0.298951097939408,0.02,"A","M1","CNG",796,3,"Manual",3445,1515,0,"No"
1.04785809229568,0.12,"B2","M6","Petrol",1197,4,"Manual",3845,1735,2,"No"
1.09579919381948,0.12,"C2","M4","Diesel",1493,4,"Automatic",4300,1790,3,"No"
0.635469511541709,0.02,"A","M1","CNG",796,3,"Manual",3445,1515,0,"No"
0.010002720350236,0.01,"A","M1","CNG",796,3,"Manual",3445,1515,0,"No"
0.402119173849166,0.2,"C2","M4","Diesel",1493,4,"Automatic",4300,1790,3,"No"
0.761789047345878,0.04,"B2","M6","Petrol",1197,4,"Manual",3845,1735,2,"No"
0.591138518708588,0.12,"B2","M6","Petrol",1197,4,"Manual",3845,1735,2,"No"
0.070988963680013,0.03,"A","M1","CNG",796,3,"Manual",3445,1515,0,"Yes"
0.091427391775658,0.07,"B2","M6","Petrol",1197,4,"Manual",3845,1735,2,"No"
1.09711835597158,0.08,"B2","M6","Petrol",1197,4,"Manual",3845,1735,2,"No"
0.276099290269556,0.08,"Utility","M10","CNG",1196,4,"Manual",3675,1475,0,"No"
0.970546112436042,0.04,"A","M1","CNG",796,3,"Manual",3445,1515,0,"Yes"
0.080819030784825,0.15,"C2","M4","Diesel",1493,4,"Automatic",4300,1790,3,"No"
0.76117301160006,0.3,"B1","M8","CNG",998,3,"Manual",3655,1620,2,"No"
1.15288596629428,0.04,"C2","M4","Diesel",1493,4,"Automatic",4300,1790,3,"No"
0.815693228308462,0.01,"A","M1","CNG",796,3,"Manual",3445,1515,0,"No"
0.365202707561776,0.01,"B1","M8","CNG",998,3,"Manual",3655,1620,2,"No"
0.229297749080744,0.06,"B2","M6","Petrol",1197,4,"Manual",3845,1735,2,"No"
0.049977416992528,0.06,"A","M1","CNG",796,3,"Manual",3445,1515,0,"No"
0.813338445126172,0.12,"C2","M4","Diesel",1493,4,"Automatic",4300,1790,3,"No"
0.299851203982025,0.01,"A","M1","CNG",796,3,"Manual",3445,1515,0,"No"
0.500889667448088,0.15,"B2","M6","Petrol",1197,4,"Manual",3845,1735,2,"No"
1.0482353585014,0.11,"B2","M6","Petrol",1197,4,"Manual",3845,1735,2,"No"
0.220759666422054,0.14,"C2","M4","Diesel",1493,4,"Automatic",4300,1790,3,"No"
0.053993195745405,0,"A","M1","CNG",796,3,"Manual",3445,1515,0,"No"
1.00628724429027,0.08,"C1","M2","Petrol",1197,4,"Automatic",3995,1735,2,"No"
0.975711882660682,0.07,"B2","M6","Petrol",1197,4,"Manual",3845,1735,2,"Yes"
0.217248451111708,0.19,"A","M3","Petrol",999,3,"Automatic",3731,1579,2,"No"
0.122304489502025,0.04,"A","M1","CNG",796,3,"Manual",3445,1515,0,"No"
1.08563426943911,0.07,"C2","M4","Diesel",1493,4,"Automatic",4300,1790,3,"No"
1.24278678445613,0.04,"B2","M6","Petrol",1197,4,"Manual",3845,1735,2,"No"
0.003238188123576,0.08,"C2","M4","Diesel",1493,4,"Automatic",4300,1790,3,"No"
0.422554110526381,0.12,"A","M3","Petrol",999,3,"Automatic",3731,1579,2,"No"
0.099659138650685,0.06,"C2","M4","Diesel",1493,4,"Automatic",4300,1790,3,"No"
0.096010483635823,0.11,"B2","M6","Petrol",1197,4,"Manual",3845,1735,2,"No"
0.74297964544376,0.08,"B1","M8","CNG",998,3,"Manual",3655,1620,2,"No"
0.21903122065946,0.01,"A","M1","CNG",796,3,"Manual",3445,1515,0,"No"
1.11567230419762,0.1,"B2","M7","Petrol",1197,4,"Automatic",3990,1745,0,"No"
0.070849179106845,0.07,"C2","M4","Diesel",1493,4,"Automatic",4300,1790,3,"No"
0.873951515765092,0.12,"B2","M6","Petrol",1197,4,"Manual",3845,1735,2,"No"
1.01836683322817,0.17,"B2","M6","Petrol",1197,4,"Manual",3845,1735,2,"No"
1.13255108625723,0.04,"B2","M6","Petrol",1197,4,"Manual",3845,1735,2,"Yes"
0.122745821307721,0.03,"A","M1","CNG",796,3,"Manual",3445,1515,0,"No"
0.147006254984538,0.07,"C2","M4","Diesel",1493,4,"Automatic",4300,1790,3,"No"
1.00541281012635,0.04,"C2","M4","Diesel",1493,4,"Automatic",4300,1790,3,"No"
1.18518830269895,0.23,"C2","M4","Diesel",1493,4,"Automatic",4300,1790,3,"No"
1.06814070095562,0.04,"C1","M11","Petrol",1199,3,"Manual",3993,1811,5,"No"
0.137005833875611,0.03,"A","M1","CNG",796,3,"Manual",3445,1515,0,"No"
0.492629556853129,0.13,"C2","M4","Diesel",1493,4,"Automatic",4300,1790,3,"Yes"
1.20537155729619,0.08,"C2","M4","Diesel",1493,4,"Automatic",4300,1790,3,"No"
0.08253937362031,0.18,"C2","M4","Diesel",1493,4,"Automatic",4300,1790,3,"No"
0.525368027683979,0.13,"C2","M4","Diesel",1493,4,"Automatic",4300,1790,3,"No"
0.040237514016807,0,"A","M1","CNG",796,3,"Manual",3445,1515,0,"No"
0.295979164162269,0.13,"B2","M6","Petrol",1197,4,"Manual",3845,1735,2,"Yes"
1.13652871637822,0.17,"C2","M4","Diesel",1493,4,"Automatic",4300,1790,3,"No"
0.463144750037068,0.18,"B2","M6","Petrol",1197,4,"Manual",3845,1735,2,"No"
0.011146209679793,0,"B2","M6","Petrol",1197,4,"Manual",3845,1735,2,"No"
1.09914926201186,0.03,"C2","M4","Diesel",1493,4,"Automatic",4300,1790,3,"Yes"
0.461361876719649,0.03,"B2","M6","Petrol",1197,4,"Manual",3845,1735,2,"No"
0.279378797516993,0.04,"B2","M6","Petrol",1197,4,"Manual",3845,1735,2,"No"
0.235864938394981,0.1,"A","M1","CNG",796,3,"Manual",3445,1515,0,"No"
1.01592195437126,0.12,"B2","M6","Petrol",1197,4,"Manual",3845,1735,2,"No"
0.200710762319593,0.02,"A","M1","CNG",796,3,"Manual",3445,1515,0,"No"
0.091338119708653,0.15,"B2","M6","Petrol",1197,4,"Manual",3845,1735,2,"No"
0.066329068509255,0.1,"B2","M6","Petrol",1197,4,"Manual",3845,1735,2,"No"
0.706670998431701,0.02,"A","M1","CNG",796,3,"Manual",3445,1515,0,"No"
1.20364265932178,0.02,"B2","M6","Petrol",1197,4,"Manual",3845,1735,2,"No"
1.15370150287993,0.09,"B1","M8","CNG",998,3,"Manual",3655,1620,2,"No"
1.01720753323199,0.03,"C2","M4","Diesel",1493,4,"Automatic",4300,1790,3,"No"
0.762625971716976,0.13,"B2","M6","Petrol",1197,4,"Manual",3845,1735,2,"No"
1.00280200442239,0.06,"C2","M4","Diesel",1493,4,"Automatic",4300,1790,3,"No"
0.060772985237456,0,"A","M1","CNG",796,3,"Manual",3445,1515,0,"No"
1.23528970617239,0.15,"B2","M6","Petrol",1197,4,"Manual",3845,1735,2,"No"
0.395176240521155,0.01,"A","M1","CNG",796,3,"Manual",3445,1515,0,"No"
0.403983794378944,0.03,"A","M1","CNG",796,3,"Manual",3445,1515,0,"No"
0.86982371504149,0.09,"C1","M9","Diesel",1498,4,"Manual",3995,1695,4,"No"
0.143702628998554,0,"C2","M4","Diesel",1493,4,"Automatic",4300,1790,3,"No"
0.24860049013851,0.08,"C2","M4","Diesel",1493,4,"Automatic",4300,1790,3,"No"
0.244028778128985,0.02,"C1","M9","Diesel",1498,4,"Manual",3995,1695,4,"No"
1.12995772445196,0.11,"C2","M4","Diesel",1493,4,"Automatic",4300,1790,3,"No"
0.214987694743962,0.16,"C2","M4","Diesel",1493,4,"Automatic",4300,1790,3,"No"
0.052929811289811,0.17,"A","M3","Petrol",999,3,"Automatic",3731,1579,2,"No"
0.512250740775761,0.13,"B2","M6","Petrol",1197,4,"Manual",3845,1735,2,"No"
0.099883691301998,0.09,"B2","M5","Diesel",1497,4,"Manual",3990,1755,5,"No"
0.354367145386399,0.14,"C2","M4","Diesel",1493,4,"Automatic",4300,1790,3,"No"
1.21857475398927,0.15,"B1","M8","CNG",998,3,"Manual",3655,1620,2,"No"
0.464319271840571,0.02,"A","M1","CNG",796,3,"Manual",3445,1515,0,"No"
0.862222116424358,0.01,"A","M1","CNG",796,3,"Manual",3445,1515,0,"No"
0.53448769512339,0.14,"B2","M6","Petrol",1197,4,"Manual",3845,1735,2,"No"
0.081153645771033,0.05,"B2","M6","Petrol",1197,4,"Manual",3845,1735,2,"No"
1.07273977229794,0.03,"C2","M4","Diesel",1493,4,"Automatic",4300,1790,3,"No"
1.02820101316299,0.1,"C2","M4","Diesel",1493,4,"Automatic",4300,1790,3,"No"
0.656668637706538,0.18,"C2","M4","Diesel",1493,4,"Automatic",4300,1790,3,"No"
0.860361105923512,0.02,"A","M1","CNG",796,3,"Manual",3445,1515,0,"No"
0.413177442780925,0.16,"A","M1","CNG",796,3,"Manual",3445,1515,0,"No"
1.23799335382906,0.13,"B2","M7","Petrol",1197,4,"Automatic",3990,1745,0,"No"
0.573935422244068,0.05,"A","M1","CNG",796,3,"Manual",3445,1515,0,"No"
1.13086218348386,0.04,"B2","M6","Petrol",1197,4,"Manual",3845,1735,2,"Yes"
0.279555082542166,0,"A","M1","CNG",796,3,"Manual",3445,1515,0,"No"
0.637349862095688,0.04,"A","M1","CNG",796,3,"Manual",3445,1515,0,"No"
0.354457721592153,0.01,"B2","M5","Diesel",1497,4,"Manual",3990,1755,5,"No"
0.749695381715067,0.06,"C2","M4","Diesel",1493,4,"Automatic",4300,1790,3,"No"
1.03620568655697,0.07,"C2","M4","Diesel",1493,4,"Automatic",4300,1790,3,"No"
1.11598462931871,0.18,"B1","M8","CNG",998,3,"Manual",3655,1620,2,"No"
0.474040949524081,0.03,"C2","M4","Diesel",1493,4,"Automatic",4300,1790,3,"No"
0.586840547468632,0.04,"A","M1","CNG",796,3,"Manual",3445,1515,0,"No"
1.10605794371868,0.1,"B2","M6","Petrol",1197,4,"Manual",3845,1735,2,"No"
0.567836744643015,0.13,"B1","M8","CNG",998,3,"Manual",3655,1620,2,"No"
0.127141481011682,0.02,"A","M1","CNG",796,3,"Manual",3445,1515,0,"No"
0.867764267959738,0.12,"C1","M2","Petrol",1197,4,"Automatic",3995,1735,2,"No"
0.979872152252982,0.07,"C2","M4","Diesel",1493,4,"Automatic",4300,1790,3,"No"
0.121439705144194,0.01,"A","M1","CNG",796,3,"Manual",3445,1515,0,"No"
0.340742259601584,0.1,"C1","M2","Petrol",1197,4,"Automatic",3995,1735,2,"No"
0.314331182208659,0,"A","M1","CNG",796,3,"Manual",3445,1515,0,"No"
0.581363467020607,0.18,"C2","M4","Diesel",1493,4,"Automatic",4300,1790,3,"No"
1.08928554806685,0.07,"A","M3","Petrol",999,3,"Automatic",3731,1579,2,"No"
0.591636034235953,0.03,"C1","M9","Diesel",1498,4,"Manual",3995,1695,4,"No"
0.011466501257026,0.01,"B1","M8","CNG",998,3,"Manual",3655,1620,2,"No"
0.843551641444569,0.08,"C2","M4","Diesel",1493,4,"Automatic",4300,1790,3,"No"
0.168160348278671,0.03,"B2","M6","Petrol",1197,4,"Manual",3845,1735,2,"No"
0.030148712037557,0.16,"C1","M9","Diesel",1498,4,"Manual",3995,1695,4,"No"
0.652435637245192,0.03,"C2","M4","Diesel",1493,4,"Automatic",4300,1790,3,"No"
0.493270794478122,0.05,"C2","M4","Diesel",1493,4,"Automatic",4300,1790,3,"No"
0.279982574400957,0.01,"A","M1","CNG",796,3,"Manual",3445,1515,0,"No"
0.02396664469778,0,"A","M1","CNG",796,3,"Manual",3445,1515,0,"No"
0.097956137282511,0.14,"C1","M9","Diesel",1498,4,"Manual",3995,1695,4,"No"
0.354201664937401,0.06,"B2","M5","Diesel",1497,4,"Manual",3990,1755,5,"No"
0.092715069305316,0.14,"B2","M6","Petrol",1197,4,"Manual",3845,1735,2,"No"
0.092921269529305,0.14,"B2","M6","Petrol",1197,4,"Manual",3845,1735,2,"No"
1.06798237645618,0.02,"B2","M7","Petrol",1197,4,"Automatic",3990,1745,0,"No"
0.638055038269216,0.02,"A","M1","CNG",796,3,"Manual",3445,1515,0,"No"
0.538945645192764,0.01,"A","M1","CNG",796,3,"Manual",3445,1515,0,"Yes"
0.058811380949151,0.02,"Utility","M10","CNG",1196,4,"Manual",3675,1475,0,"No"
0.565863769364684,0.13,"B2","M6","Petrol",1197,4,"Manual",3845,1735,2,"No"
1.22337398290835,0.02,"B2","M6","Petrol",1197,4,"Manual",3845,1735,2,"No"
0.291473870544581,0.07,"C2","M4","Diesel",1493,4,"Automatic",4300,1790,3,"No"
0.813588030928167,0.11,"B2","M6","Petrol",1197,4,"Manual",3845,1735,2,"No"
0.751706509038599,0.06,"C1","M9","Diesel",1498,4,"Manual",3995,1695,4,"No"
0.869923082294283,0.12,"C2","M4","Diesel",1493,4,"Automatic",4300,1790,3,"No"
1.22852303696672,0.11,"B1","M8","CNG",998,3,"Manual",3655,1620,2,"No"
1.1557806315554,0.12,"B1","M8","CNG",998,3,"Manual",3655,1620,2,"No"
1.17901754835218,0.04,"C1","M2","Petrol",1197,4,"Automatic",3995,1735,2,"No"
0.054336725056156,0.16,"C2","M4","Diesel",1493,4,"Automatic",4300,1790,3,"No"
0.536399085933614,0.14,"A","M3","Petrol",999,3,"Automatic",3731,1579,2,"No"
0.734357114108238,0.1,"C2","M4","Diesel",1493,4,"Automatic",4300,1790,3,"No"
0.06772053467096,0,"A","M1","CNG",796,3,"Manual",3445,1515,0,"No"
0.362495485910668,0.16,"A","M1","CNG",796,3,"Manual",3445,1515,0,"Yes"
0.493999974997802,0.05,"C2","M4","Diesel",1493,4,"Automatic",4300,1790,3,"Yes"
0.609596298507982,0.09,"C2","M4","Diesel",1493,4,"Automatic",4300,1790,3,"No"
1.04258337206428,0.13,"C2","M4","Diesel",1493,4,"Automatic",4300,1790,3,"No"
0.655034829392305,0.1,"B1","M8","CNG",998,3,"Manual",3655,1620,2,"No"
1.05176724829979,0.11,"B2","M6","Petrol",1197,4,"Manual",3845,1735,2,"No"
1.17439504076784,0.13,"A","M1","CNG",796,3,"Manual",3445,1515,0,"No"
1.01324603579839,0.05,"B2","M6","Petrol",1197,4,"Manual",3845,1735,2,"No"
0.279652772835524,0.04,"B2","M6","Petrol",1197,4,"Manual",3845,1735,2,"No"
0.556307161299271,0.03,"C2","M4","Diesel",1493,4,"Automatic",4300,1790,3,"No"
0.041664553667559,0.01,"A","M1","CNG",796,3,"Manual",3445,1515,0,"No"
0.47017344007032,0.1,"B2","M6","Petrol",1197,4,"Manual",3845,1735,2,"Yes"
1.10681958619927,0.08,"C2","M4","Diesel",1493,4,"Automatic",4300,1790,3,"No"
0.325056661743186,0.15,"B2","M6","Petrol",1197,4,"Manual",3845,1735,2,"No"
0.397004474943938,0.02,"B2","M6","Petrol",1197,4,"Manual",3845,1735,2,"No"
0.057888736941746,0.02,"A","M1","CNG",796,3,"Manual",3445,1515,0,"No"
1.10642689048866,0.03,"C1","M2","Petrol",1197,4,"Automatic",3995,1735,2,"No"
0.986317752139002,0.03,"A","M3","Petrol",999,3,"Automatic",3731,1579,2,"No"
1.07495821978345,0.11,"C2","M4","Diesel",1493,4,"Automatic",4300,1790,3,"Yes"
0.766440888289744,0.02,"A","M1","CNG",796,3,"Manual",3445,1515,0,"No"
0.011252893398836,0.01,"A","M1","CNG",796,3,"Manual",3445,1515,0,"No"
0.08653900493158,0.04,"B1","M8","CNG",998,3,"Manual",3655,1620,2,"No"
1.19359696236256,0.07,"B2","M6","Petrol",1197,4,"Manual",3845,1735,2,"No"
0.613442312709499,0.01,"B2","M6","Petrol",1197,4,"Manual",3845,1735,2,"No"
0.806629018281536,0.02,"A","M1","CNG",796,3,"Manual",3445,1515,0,"No"
1.23951873334901,0.06,"A","M3","Petrol",999,3,"Automatic",3731,1579,2,"No"
0.50239751316124,0.06,"C2","M4","Diesel",1493,4,"Automatic",4300,1790,3,"No"
1.11356770896682,0.12,"B2","M6","Petrol",1197,4,"Manual",3845,1735,2,"No"
1.13163668477279,0.03,"C1","M9","Diesel",1498,4,"Manual",3995,1695,4,"Yes"
1.07335215742161,0.18,"C2","M4","Diesel",1493,4,"Automatic",4300,1790,3,"No"
1.0038424615828,0.08,"B2","M6","Petrol",1197,4,"Manual",3845,1735,2,"No"
1.18183566341465,0.08,"B2","M7","Petrol",1197,4,"Automatic",3990,1745,0,"No"
0.744041992173252,0.14,"B2","M6","Petrol",1197,4,"Manual",3845,1735,2,"No"
0.281699578512359,0,"A","M1","CNG",796,3,"Manual",3445,1515,0,"No"
0.054661347449807,0,"A","M1","CNG",796,3,"Manual",3445,1515,0,"No"
0.146207792413907,0.01,"A","M1","CNG",796,3,"Manual",3445,1515,0,"No"
1.04571431980363,0.04,"C1","M9","Diesel",1498,4,"Manual",3995,1695,4,"No"
1.1122801358001,0.17,"B2","M5","Diesel",1497,4,"Manual",3990,1755,5,"No"
0.612657788139347,0,"C2","M4","Diesel",1493,4,"Automatic",4300,1790,3,"No"
0.780287852435243,0.11,"C2","M4","Diesel",1493,4,"Automatic",4300,1790,3,"No"
1.18243661543216,0.02,"B2","M5","Diesel",1497,4,"Manual",3990,1755,5,"No"
0.391591714424977,0.03,"B2","M6","Petrol",1197,4,"Manual",3845,1735,2,"No"
1.09600736591644,0.17,"C2","M4","Diesel",1493,4,"Automatic",4300,1790,3,"No"
0.88510170957922,0.01,"B2","M5","Diesel",1497,4,"Manual",3990,1755,5,"No"
0.261764138239728,0.05,"C2","M4","Diesel",1493,4,"Automatic",4300,1790,3,"No"
0.095433232384593,0.1,"B2","M6","Petrol",1197,4,"Manual",3845,1735,2,"No"
0.141002424836587,0.1,"B2","M5","Diesel",1497,4,"Manual",3990,1755,5,"No"
0.512774215543718,0.01,"B2","M6","Petrol",1197,4,"Manual",3845,1735,2,"No"
1.23913975021882,0.07,"B2","M7","Petrol",1197,4,"Automatic",3990,1745,0,"No"
0.045557972125795,0.1,"C2","M4","Diesel",1493,4,"Automatic",4300,1790,3,"No"
0.746590656650459,0.08,"B2","M6","Petrol",1197,4,"Manual",3845,1735,2,"Yes"
0.230505510164031,0.04,"B2","M6","Petrol",1197,4,"Manual",3845,1735,2,"No"
0.076228932192541,0.17,"C2","M4","Diesel",1493,4,"Automatic",4300,1790,3,"No"
0.478447623526781,0.1,"B2","M7","Petrol",1197,4,"Automatic",3990,1745,0,"No"
0.596566209232752,0.08,"C2","M4","Diesel",1493,4,"Automatic",4300,1790,3,"No"
0.4647179405333,0.1,"Utility","M10","CNG",1196,4,"Manual",3675,1475,0,"No"
0.590051132007617,0.13,"B2","M6","Petrol",1197,4,"Manual",3845,1735,2,"No"
0.093247892675163,0.13,"C2","M4","Diesel",1493,4,"Automatic",4300,1790,3,"No"
0.118709472531016,0,"B1","M8","CNG",998,3,"Manual",3655,1620,2,"No"
0.436989797322091,0.07,"C1","M9","Diesel",1498,4,"Manual",3995,1695,4,"No"
0.928017994955758,0.01,"C2","M4","Diesel",1493,4,"Automatic",4300,1790,3,"No"
0.776373453278317,0,"A","M1","CNG",796,3,"Manual",3445,1515,0,"No"
1.18579245328285,0.13,"B1","M8","CNG",998,3,"Manual",3655,1620,2,"No"
1.01654246168538,0.19,"C1","M11","Petrol",1199,3,"Manual",3993,1811,5,"No"
0.391578866375875,0.13,"C2","M4","Diesel",1493,4,"Automatic",4300,1790,3,"No"
0.233634267122398,0.05,"C1","M9","Diesel",1498,4,"Manual",3995,1695,4,"No"
1.09176210559416,0.12,"B2","M5","Diesel",1497,4,"Manual",3990,1755,5,"No"
1.20948735909745,0.07,"C1","M9","Diesel",1498,4,"Manual",3995,1695,4,"No"
0.541224737880226,0.01,"A","M1","CNG",796,3,"Manual",3445,1515,0,"No"
1.24558873545183,0.15,"B2","M6","Petrol",1197,4,"Manual",3845,1735,2,"No"
0.068033494999358,0,"A","M1","CNG",796,3,"Manual",3445,1515,0,"No"
0.541703231341293,0.04,"B2","M6","Petrol",1197,4,"Manual",3845,1735,2,"No"
0.549201607353216,0.03,"A","M1","CNG",796,3,"Manual",3445,1515,0,"No"
1.05654486921911,0.02,"B2","M6","Petrol",1197,4,"Manual",3845,1735,2,"No"
0.755884609268834,0,"A","M1","CNG",796,3,"Manual",3445,1515,0,"No"
1.0720256634927,0.04,"C2","M4","Diesel",1493,4,"Automatic",4300,1790,3,"No"
0.049545434976388,0,"A","M1","CNG",796,3,"Manual",3445,1515,0,"No"
0.544489546339536,0.1,"A","M3","Petrol",999,3,"Automatic",3731,1579,2,"No"
1.24792909156046,0.15,"C1","M9","Diesel",1498,4,"Manual",3995,1695,4,"No"
1.11289927454371,0.06,"C2","M4","Diesel",1493,4,"Automatic",4300,1790,3,"No"
1.24490690658096,0.08,"B2","M6","Petrol",1197,4,"Manual",3845,1735,2,"No"
0.23077940887401,0.01,"A","M1","CNG",796,3,"Manual",3445,1515,0,"No"
0.154841899856664,0.08,"B2","M6","Petrol",1197,4,"Manual",3845,1735,2,"No"
0.698314342574619,0.17,"B2","M6","Petrol",1197,4,"Manual",3845,1735,2,"No"
0.232020427885952,0.15,"C1","M9","Diesel",1498,4,"Manual",3995,1695,4,"No"
0.995258466171432,0.1,"C2","M4","Diesel",1493,4,"Automatic",4300,1790,3,"No"
0.672471012381587,0.01,"A","M1","CNG",796,3,"Manual",3445,1515,0,"No"
1.22217647614039,0.16,"B2","M6","Petrol",1197,4,"Manual",3845,1735,2,"No"
0.880467092223551,0.09,"A","M3","Petrol",999,3,"Automatic",3731,1579,2,"No"
0.068103362903093,0.05,"A","M1","CNG",796,3,"Manual",3445,1515,0,"No"
0.738228125537079,0,"A","M1","CNG",796,3,"Manual",3445,1515,0,"No"
0.290754744235416,0.08,"C2","M4","Diesel",1493,4,"Automatic",4300,1790,3,"No"
0.133996263882668,0.01,"A","M1","CNG",796,3,"Manual",3445,1515,0,"No"
1.12024334741261,0.1,"B2","M6","Petrol",1197,4,"Manual",3845,1735,2,"No"
1.13469927893222,0.05,"B2","M5","Diesel",1497,4,"Manual",3990,1755,5,"No"
1.18444542924184,0.01,"C2","M4","Diesel",1493,4,"Automatic",4300,1790,3,"No"
1.07023711983505,0.13,"C2","M4","Diesel",1493,4,"Automatic",4300,1790,3,"Yes"
0.872901649943225,0.02,"A","M1","CNG",796,3,"Manual",3445,1515,0,"No"
0.735919367461259,0.05,"C1","M9","Diesel",1498,4,"Manual",3995,1695,4,"No"
0.150945878483114,0,"B2","M6","Petrol",1197,4,"Manual",3845,1735,2,"No"
0.238284032135302,0.1,"B2","M6","Petrol",1197,4,"Manual",3845,1735,2,"No"
0.599560473968516,0.01,"C1","M11","Petrol",1199,3,"Manual",3993,1811,5,"No"
1.0581511212898,0.03,"C1","M2","Petrol",1197,4,"Automatic",3995,1735,2,"No"
0.950329966039742,0.01,"A","M1","CNG",796,3,"Manual",3445,1515,0,"No"
0.390020533237238,0.03,"A","M1","CNG",796,3,"Manual",3445,1515,0,"No"
0.07212042205643,0.07,"A","M3","Petrol",999,3,"Automatic",3731,1579,2,"No"
1.09001913294575,0.05,"B2","M7","Petrol",1197,4,"Automatic",3990,1745,0,"No"
0.885265022487351,0.02,"A","M1","CNG",796,3,"Manual",3445,1515,0,"No"
1.10251947449747,0.1,"B2","M6","Petrol",1197,4,"Manual",3845,1735,2,"No"
1.12922107786732,0.1,"A","M1","CNG",796,3,"Manual",3445,1515,0,"No"
1.21120248604975,0.15,"C2","M4","Diesel",1493,4,"Automatic",4300,1790,3,"No"
0.790766487745663,0.11,"A","M1","CNG",796,3,"Manual",3445,1515,0,"No"
1.18614342561749,0.15,"C2","M4","Diesel",1493,4,"Automatic",4300,1790,3,"No"
0.236407265671156,0.04,"A","M1","CNG",796,3,"Manual",3445,1515,0,"No"
0.009511977904628,0,"C2","M4","Diesel",1493,4,"Automatic",4300,1790,3,"No"
